id,parent_id,subject_id,subject_name,name,level,difficulty,source,summary,definition,core_elements,key_terms,formulas,common_mistakes,scope_boundary,prerequisites_desc,params_status,prerequisites,sort,icon,created_at
1,,1,数据结构,第1章 绪论,2,1,import,,,,,,,,,,,0,,2026-08-25T11:12:06.709193+00:00
2,1,1,数据结构,1.1 什么是数据结构,3,1,import,数据结构是相互之间存在一种或多种特定关系的数据元素的集合，研究数据的逻辑结构、物理结构及其基本操作。,,,,,,,,valid,,0,,2026-08-25T11:12:06.709193+00:00
3,1,1,数据结构,1.2 基本概念和术语,3,1,import,数据、数据元素、数据项、数据对象是数据结构中的基本概念，数据结构包含逻辑结构和物理结构两大方面。,,,,,,,,valid,,1,,2026-08-25T11:12:06.709193+00:00
4,1,1,数据结构,1.3 抽象数据类型的表示与实现,3,1,import,抽象数据类型（ADT）是指一个数学模型及定义在该模型上的一组操作，由数据对象、关系集和操作集三元组表示。,,,,,,,,valid,,2,,2026-08-25T11:12:06.709193+00:00
5,1,1,数据结构,1.4 算法和算法分析,3,1,import,算法是对特定问题求解步骤的一种描述，具有有穷性、确定性等五个特性，算法分析用于度量算法效率。,,,,,,,,valid,,3,,2026-08-25T11:12:06.709193+00:00
6,5,1,数据结构,1.4.1 算法,4,1,import,算法是解决特定问题的有限指令序列，必须满足有穷性、确定性、可行性、输入和输出五个基本特性。,,,,,,,,,,0,,2026-08-25T11:12:06.709193+00:00
7,5,1,数据结构,1.4.2 算法设计的要求,4,1,import,好的算法应具备正确性、可读性、健壮性、高效性和低存储量等基本设计要求。,,,,,,,,valid,[6],1,,2026-08-25T11:12:06.709193+00:00
8,5,1,数据结构,1.4.3 算法效率的度量,4,1,import,算法效率通过时间复杂度和空间复杂度来度量，时间复杂度表示算法执行时间随问题规模增长的增长率。,,,,,,,,valid,[6],2,,2026-08-25T11:12:06.709193+00:00
9,5,1,数据结构,1.4.4 算法的存储空间需求,4,1,import,算法的存储空间需求包括算法本身、输入数据和辅助空间三部分，空间复杂度衡量算法执行所需的额外存储空间。,,,,,,,,valid,[8],3,,2026-08-25T11:12:06.709193+00:00
10,,1,数据结构,第2章 线性表,2,1,import,,,,,,,,,,,1,,2026-08-25T11:12:06.709193+00:00
11,10,1,数据结构,2.1 线性表的类型定义,3,1,import,线性表是具有相同数据类型的n个数据元素的有限序列，支持插入、删除、查找等基本操作，元素间存在一对一的线性关系。,,,,,,,,valid,,0,,2026-08-25T11:12:06.709193+00:00
12,10,1,数据结构,2.2 线性表的顺序表示和实现,3,1,import,线性表的顺序存储是用一段地址连续的存储单元依次存储线性表中的数据元素，支持随机访问。,,,,,,,,valid,,1,,2026-08-25T11:12:06.709193+00:00
13,10,1,数据结构,2.3 线性表的链式表示和实现,3,1,import,线性表的链式存储通过指针将数据元素链接起来，不要求地址连续，支持动态内存分配。,,,,,,,,valid,,2,,2026-08-25T11:12:06.709193+00:00
14,13,1,数据结构,2.3.1 线性链表,4,1,import,单链表是最基本的链式存储结构，每个结点包含数据域和指针域，通过指针将各结点串联成链。,,,,,,,,valid,,0,,2026-08-25T11:12:06.709193+00:00
15,13,1,数据结构,2.3.2 循环链表,4,1,import,循环链表是将单链表中最后一个结点的指针域指向头结点，形成环形结构，便于从任意结点遍历整个链表。,,,,,,,,valid,,1,,2026-08-25T11:12:06.709193+00:00
16,13,1,数据结构,2.3.3 双向链表,4,1,import,双向链表每个结点包含两个指针域，分别指向前驱和后继结点，支持双向遍历，提高了某些操作的效率。,,,,,,,,valid,,2,,2026-08-25T11:12:06.709193+00:00
17,10,1,数据结构,2.4 一元多项式的表示及相加,3,1,import,"一元多项式可用线性表表示，非零项可用（系数,指数）对存储，多项式相加对应线性表的合并操作。",,,,,,,,valid,,3,,2026-08-25T11:12:06.709193+00:00
18,,1,数据结构,第3章 栈和队列,2,1,import,,,,,,,,,,,2,,2026-08-25T11:12:06.709193+00:00
19,18,1,数据结构,3.1 栈,3,1,import,栈是限定仅在表尾进行插入和删除操作的线性表，遵循后进先出（LIFO）原则，栈顶为操作位置。,,,,,,,,valid,,0,,2026-08-25T11:12:06.709193+00:00
20,19,1,数据结构,3.1.1 抽象数据类型栈的定义,4,1,import,栈的ADT定义包括数据对象（元素集合）、关系（后进先出）和操作集（初始化/入栈/出栈/判空/取栈顶等）。,,,,,,,,valid,,0,,2026-08-25T11:12:06.709193+00:00
21,19,1,数据结构,3.1.2 栈的表示和实现,4,1,import,栈可用顺序存储（顺序栈）或链式存储（链栈）实现，顺序栈用数组和栈顶指针，链栈用单链表。,,,,,,,,valid,,1,,2026-08-25T11:12:06.709193+00:00
22,18,1,数据结构,3.2 栈的应用举例,3,1,import,栈在数制转换、括号匹配、表达式求值、迷宫求解、递归实现等方面有广泛应用，利用LIFO特性解决特定问题。,,,,,,,,valid,,1,,2026-08-25T11:12:06.709193+00:00
23,22,1,数据结构,3.2.1 数制转换,4,1,import,数制转换是利用栈的后进先出特性，将十进制整数转换为指定进制（如八进制）表示的过程。算法反复对目标进制取模得到余数并压入栈中，用整除更新被除数，直至被除数为零，最后依次出栈得到转换结果。,,,,,,,,valid,,0,,2026-08-25T11:12:06.709193+00:00
24,22,1,数据结构,3.2.2 括号匹配的检验,4,1,import,利用栈检验表达式中括号是否匹配，遇左括号入栈，遇右括号检查栈顶是否匹配并出栈。,,,,,,,,valid,,1,,2026-08-25T11:12:06.709193+00:00
25,22,1,数据结构,3.2.3 行编辑程序,4,1,import,行编辑程序使用栈处理输入文本，遇'#'删除当前行，遇'@'退回到上一行，利用栈的LIFO特性实现文本编辑。,,,,,,,,valid,,2,,2026-08-25T11:12:06.709193+00:00
26,22,1,数据结构,3.2.4 迷宫求解,4,1,import,利用栈实现迷宫的深度优先搜索，将路径入栈，遇到死胡同时回溯出栈，直到找到出口或搜索失败。,,,,,,,,valid,,3,,2026-08-25T11:12:06.709193+00:00
27,22,1,数据结构,3.2.5 表达式求值,4,1,import,利用栈实现表达式求值，操作数栈和运算符栈配合，根据运算符优先级决定入栈或计算，支持中缀表达式。,,,,,,,,valid,,4,,2026-08-25T11:12:06.709193+00:00
28,18,1,数据结构,3.3 栈与递归的实现,3,1,import,递归函数的实现依赖系统栈，每次递归调用将局部变量和返回地址压栈，返回时弹栈恢复现场，栈深度影响空间消耗。,,,,,,,,valid,,2,,2026-08-25T11:12:06.709193+00:00
29,18,1,数据结构,3.4 队列,3,1,import,队列是限定在一端插入另一端删除的线性表，遵循先进先出（FIFO）原则，分为队头和队尾。,,,,,,,,valid,,3,,2026-08-25T11:12:06.709193+00:00
30,29,1,数据结构,3.4.1 抽象数据类型队列的定义,4,1,import,队列ADT定义包括数据对象（元素集合）、关系（FIFO）和操作集（初始化/入队/出队/判空/取队头等）。,,,,,,,,valid,,0,,2026-08-25T11:12:06.709193+00:00
31,29,1,数据结构,3.4.2 链队列——队列的链式表示和实现,4,1,import,链队列用单链表实现队列，队头指针指向头结点，队尾指针指向最后一个结点，支持动态扩展。,,,,,,,,valid,,1,,2026-08-25T11:12:06.709193+00:00
32,29,1,数据结构,3.4.3 循环队列——队列的顺序表示和实现,4,1,import,循环队列用数组实现队列，通过取模运算使存储空间循环使用，牺牲一个空间区分队空和队满。,,,,,,,,valid,,2,,2026-08-25T11:12:06.709193+00:00
33,18,1,数据结构,3.5 离散事件模拟,3,1,import,离散事件模拟利用队列按时间顺序处理事件，模拟现实系统中离散事件的发生和处理过程。,,,,,,,,valid,,4,,2026-08-25T11:12:06.709193+00:00
34,,1,数据结构,第4章 串,2,1,import,,,,,,,,,,,3,,2026-08-25T11:12:06.709193+00:00
35,34,1,数据结构,4.1 串类型的定义,3,1,import,"串(String)是由零个或多个字符组成的有限序列,是数据元素为字符的线性表。串长为串中字符个数,空串长度为0。",,,,,,,,valid,,0,,2026-08-25T11:12:06.709193+00:00
36,34,1,数据结构,4.2 串的表示和实现,3,1,import,串有三种主要存储方式:定长顺序存储、堆分配存储和块链存储。不同存储方式在空间和操作效率上各有特点。,,,,,,,,valid,,1,,2026-08-25T11:12:06.709193+00:00
37,36,1,数据结构,4.2.1 定长顺序存储表示,4,1,import,"用固定长度数组存储串,数组长度在编译时确定。实际串长不超过数组最大长度MAXLEN,超出部分被截断。",,,,,,,,valid,,0,,2026-08-25T11:12:06.709193+00:00
38,36,1,数据结构,4.2.2 堆分配存储表示,4,1,import,"在程序运行时通过malloc动态分配内存存储串,串长可变。需要手动管理内存,用完需free释放。",,,,,,,,valid,,1,,2026-08-25T11:12:06.709193+00:00
39,36,1,数据结构,4.2.3 串的块链存储表示,4,1,import,"将串用链表存储,每个节点存放若干个字符。节点大小影响存储密度和操作效率,需平衡空间与时间。",,,,,,,,valid,,2,,2026-08-25T11:12:06.709193+00:00
40,34,1,数据结构,4.3 串的模式匹配算法,3,1,import,"在主串中查找子串(模式串)位置的过程,是串最重要的操作之一。主要有朴素算法和KMP算法。",,,,,,,,valid,,2,,2026-08-25T11:12:06.709193+00:00
41,40,1,数据结构,"4.3.1 求子串位置的定位函数 Index(S,T,pos)",4,1,import,"Index(S,T,pos)是串的模式匹配定位函数，其功能是在主串S中从第pos个字符起查找与模式串T相等的子串，若找到则返回该子串在主串中首次出现的起始位置，否则返回0。",,,,,,,,valid,,0,,2026-08-25T11:12:06.709193+00:00
42,40,1,数据结构,4.3.2 模式匹配的一种改进算法,4,1,import,"即KMP算法,利用已匹配信息避免回溯,通过next数组记录前缀后缀关系,将时间复杂度优化至O(n+m)。",,,,,,,,valid,,1,,2026-08-25T11:12:06.709193+00:00
43,34,1,数据结构,4.4 串操作应用举例,3,1,import,"串的典型应用包括文本编辑和建立词索引表,展示了串操作在实际系统中的重要价值。",,,,,,,,valid,,3,,2026-08-25T11:12:06.709193+00:00
44,43,1,数据结构,4.4.1 文本编辑,4,1,import,"将文本作为字符流处理,支持插入、删除、查找替换等操作。利用串操作实现行编辑和字符定位。",,,,,,,,valid,,0,,2026-08-25T11:12:06.709193+00:00
45,43,1,数据结构,4.4.2 建立词索引表,4,1,import,"将文档中的关键词提取出来建立索引,记录每个词出现的位置。需要分词和位置记录。",,,,,,,,valid,,1,,2026-08-25T11:12:06.709193+00:00
46,,1,数据结构,第5章 数组和广义表,2,1,import,,,,,,,,,,,4,,2026-08-25T11:12:06.709193+00:00
47,46,1,数据结构,5.1 数组的定义,3,1,import,"数组是线性表的推广,元素本身可以是数组,形成多维结构。数组元素可通过下标随机访问。",,,,,,,,valid,,0,,2026-08-25T11:12:06.709193+00:00
48,46,1,数据结构,5.2 数组的顺序表示和实现,3,1,import,"数组采用顺序存储,通过计算元素地址实现随机访问。行优先和列优先是两种不同的存储映射方式。",,,,,,,,valid,,1,,2026-08-25T11:12:06.709193+00:00
49,46,1,数据结构,5.3 矩阵的压缩存储,3,1,import,"对特殊矩阵(对称、三角、对角矩阵)和稀疏矩阵采用压缩存储,节省空间。需掌握映射关系和三元组表。",,,,,,,,valid,,2,,2026-08-25T11:12:06.709193+00:00
50,49,1,数据结构,5.3.1 特殊矩阵,4,1,import,"对称矩阵、三角矩阵、对角矩阵等具有特殊结构的矩阵,可将二维数据映射到一维数组,避免存储重复元素。",,,,,,,,valid,,0,,2026-08-25T11:12:06.709193+00:00
51,49,1,数据结构,5.3.2 稀疏矩阵,4,1,import,"非零元素个数远少于矩阵元素总数的矩阵。采用三元组顺序表或十字链表存储,需特殊算法完成矩阵运算。",,,,,,,,valid,,1,,2026-08-25T11:12:06.709193+00:00
52,46,1,数据结构,5.4 广义表的定义,3,1,import,"广义表是线性表的推广,元素可以是原子或子表。广义表有长度和深度两个重要属性。",,,,,,,,valid,,3,,2026-08-25T11:12:06.709193+00:00
53,46,1,数据结构,5.5 广义表的存储结构,3,1,import,"广义表用链式存储,节点分为原子节点和子表节点。头尾指针分别指向表头和表尾。",,,,,,,,valid,,4,,2026-08-25T11:12:06.709193+00:00
54,46,1,数据结构,5.6 m元多项式的表示,3,1,import,"用广义表表示m元多项式,每个变量对应一层子表。可表示任意嵌套的多项式结构。",,,,,,,,valid,,5,,2026-08-25T11:12:06.709193+00:00
55,46,1,数据结构,5.7 广义表的递归算法,3,1,import,"广义表的许多操作(求深度、复制、建立)都可用递归实现,递归终止条件为遇到原子节点。",,,,,,,,valid,,6,,2026-08-25T11:12:06.709193+00:00
56,55,1,数据结构,5.7.1 求广义表的深度,4,1,import,"广义表的深度是嵌套的最大层数,空表深度为1。原子深度为0,子表深度为各子表深度最大值加1。",,,,,,,,valid,,0,,2026-08-25T11:12:06.709193+00:00
57,55,1,数据结构,5.7.2 复制广义表,4,1,import,"复制广义表需递归复制每个节点,原子直接复制,子表递归复制其头尾。确保完全独立的副本。",,,,,,,,valid,,1,,2026-08-25T11:12:06.709193+00:00
58,55,1,数据结构,5.7.3 建立广义表的存储结构,4,1,import,"从广义表的书写形式(如(a,(b,c)))解析并建立链式存储结构。需处理嵌套括号和逗号分隔。",,,,,,,,valid,,2,,2026-08-25T11:12:06.709193+00:00
59,,1,数据结构,第6章 树和二叉树,2,1,import,,,,,,,,,,,5,,2026-08-25T11:12:06.709193+00:00
60,59,1,数据结构,6.1 树的定义和基本术语,3,1,import,"树是n个节点的有限集,有且仅有一个根节点,其余节点分为互不相交的子集(子树)。是重要的非线性结构。",,,,,,,,valid,,0,,2026-08-25T11:12:06.709193+00:00
61,59,1,数据结构,6.2 二叉树,3,1,import,"二叉树是每个节点最多有两个子树的树结构,左右子树有序。是树形结构的基础,有丰富的性质和应用。",,,,,,,,valid,,1,,2026-08-25T11:12:06.709193+00:00
62,61,1,数据结构,6.2.1 二叉树的定义,4,1,import,"二叉树是n个节点的有限集,或是空集,或由根节点和左右子树(均为二叉树)组成。有五种基本形态。",,,,,,,,valid,,0,,2026-08-25T11:12:06.709193+00:00
63,61,1,数据结构,6.2.2 二叉树的性质,4,1,import,二叉树有重要数学性质:第i层最多2^(i-1)个节点;深度k最多2^k-1个节点;叶节点数=度2节点数+1等。,,,,,,,,valid,,1,,2026-08-25T11:12:06.709193+00:00
64,61,1,数据结构,6.2.3 二叉树的存储结构,4,1,import,二叉树的存储结构是指在计算机内存中表示二叉树的方式，包括顺序存储和链式存储两种。顺序存储按完全二叉树的编号规则将结点依次存入一维数组；链式存储通过包含数据域和左右孩子指针域的结点以指针链接构成二叉树。,,,,,,,,valid,,2,,2026-08-25T11:12:06.709193+00:00
65,59,1,数据结构,6.3 遍历二叉树和线索二叉树,3,1,import,"遍历是按某种顺序访问所有节点,有先序、中序、后序和层次遍历。线索二叉树利用空指针存储遍历信息。",,,,,,,,valid,,2,,2026-08-25T11:12:06.709193+00:00
66,65,1,数据结构,6.3.1 遍历二叉树,4,1,import,先序:根→左→右;中序:左→根→右;后序:左→右→根;层次:按层从上到下从左到右。递归或非递归实现。,,,,,,,,valid,,0,,2026-08-25T11:12:06.709193+00:00
67,65,1,数据结构,6.3.2 线索二叉树,4,1,import,"利用n+1个空指针域存放前驱和后继信息,线索化后可不需栈实现遍历。ltag/rtag标记指针类型。",,,,,,,,valid,,1,,2026-08-25T11:12:06.709193+00:00
68,59,1,数据结构,6.4 树和森林,3,1,import,"森林是m棵互不相交的树的集合。树与二叉树可相互转换,森林也可转换为二叉树。",,,,,,,,valid,,3,,2026-08-25T11:12:06.709193+00:00
69,68,1,数据结构,6.4.1 树的存储结构,4,1,import,树有双亲表示法、孩子表示法、孩子兄弟表示法(左孩子右兄弟)等存储方式。,,,,,,,,valid,,0,,2026-08-25T11:12:06.709193+00:00
70,68,1,数据结构,6.4.2 森林与二叉树的转换,4,1,import,"将森林中每棵树转换为二叉树(左孩子右兄弟),再将后续树的根作为前一棵树根的右孩子。",,,,,,,,valid,,1,,2026-08-25T11:12:06.709193+00:00
71,68,1,数据结构,6.4.3 树和森林的遍历,4,1,import,树的遍历有先根遍历和后根遍历。森林的遍历对应二叉树的先序和中序遍历。,,,,,,,,valid,,2,,2026-08-25T11:12:06.709193+00:00
72,59,1,数据结构,6.5 树与等价问题,3,1,import,"利用等价关系构造等价类,可用并查集(Union-Find)在树上实现,支持合并和查找操作。",,,,,,,,valid,,4,,2026-08-25T11:12:06.709193+00:00
73,59,1,数据结构,6.6 赫夫曼树及其应用,3,1,import,"赫夫曼树是带权路径长度最小的二叉树(最优二叉树),用于构造赫夫曼编码实现数据压缩。",,,,,,,,valid,,5,,2026-08-25T11:12:06.709193+00:00
74,73,1,数据结构,6.6.1 最优二叉树(赫夫曼树),4,1,import,"从n个带权叶子构造,每次取两个权值最小的节点合并,重复直到只剩一个根节点。路径长度最短。",,,,,,,,valid,,0,,2026-08-25T11:12:06.710180+00:00
75,73,1,数据结构,6.6.2 赫夫曼编码,4,1,import,"对赫夫曼树左分支编码0右分支编码1,得到前缀编码。用于数据压缩,出现频率高的字符编码短。",,,,,,,,valid,,1,,2026-08-25T11:12:06.710180+00:00
76,59,1,数据结构,6.7 回溯法与树的遍历,3,1,import,"回溯法按深度优先策略搜索解空间树,在当前路径不满足约束时回退。树的遍历是回溯的基础。",,,,,,,,valid,,6,,2026-08-25T11:12:06.710180+00:00
77,59,1,数据结构,6.8 树的计数,3,1,import,"计算具有n个节点的不同形态二叉树的数量,使用Catalan数公式。n个节点的不同二叉树有C(n)种。",,,,,,,,valid,,7,,2026-08-25T11:12:06.710180+00:00
78,,1,数据结构,第7章 图,2,1,import,,,,,,,,,,,6,,2026-08-25T11:12:06.710180+00:00
79,78,1,数据结构,7.1 图的定义和术语,3,1,import,"图是由顶点集合V和边集合E组成的数据结构，记作G=(V,E)。其中V是顶点的非空有限集合，E是顶点之间边的有限集合。图用于表示数据元素之间多对多的关系。",,,,,,,,valid,,0,,2026-08-25T11:12:06.710180+00:00
80,78,1,数据结构,7.2 图的存储结构,3,1,import,图的存储结构是指用计算机内存表示图中顶点及顶点之间关系（边或弧）的方法，主要包括用二维数组存储顶点间邻接关系的邻接矩阵和用链表存储每个顶点邻接点的邻接表两种基本方式。,,,,,,,,valid,,1,,2026-08-25T11:12:06.710180+00:00
81,80,1,数据结构,7.2.1 数组表示法,4,1,import,数组表示法又称邻接矩阵表示法，是用一个一维数组存储图中所有顶点的信息，用一个二维数组（邻接矩阵）存储顶点之间边或弧的邻接关系，从而表示图的一种存储结构。,,,,,,,,valid,,0,,2026-08-25T11:12:06.710180+00:00
82,80,1,数据结构,7.2.2 邻接表,4,1,import,邻接表是图的链式存储结构，为图中每个顶点建立一个单链表，链表中的结点表示与该顶点相连的边（有向图中表示从该顶点出发的出边），各链表的表头结点组成顶点表数组，从而存储图的全部顶点和边信息。,,,,,,,,valid,,1,,2026-08-25T11:12:06.710180+00:00
83,80,1,数据结构,7.2.3 十字链表,4,1,import,十字链表是存储有向图的一种链式存储结构，将邻接表和逆邻接表结合于同一结构中。每个顶点设一个顶点结点，每条弧设一个弧结点，弧结点同时记录弧尾和弧头顶点，并通过两个链域分别链接弧头相同和弧尾相同的弧，从而同时反映顶点的出度和入度。,,,,,,,,valid,,2,,2026-08-25T11:12:06.710180+00:00
84,80,1,数据结构,7.2.4 邻接多重表,4,1,import,邻接多重表是无向图的一种链式存储结构，每条边用一个边结点表示，边结点含有两个顶点域（ivex、jvex）和两个链域（ilink、jlink），两个链域分别指向依附于对应顶点的下一条边，使每条边仅存储一次，便于对边进行删除、标记等操作。,,,,,,,,valid,,3,,2026-08-25T11:12:06.710180+00:00
85,78,1,数据结构,7.3 图的遍历,3,1,import,从图中某一顶点出发，按照某种搜索策略沿着图的边访问图中所有顶点，且每个顶点仅被访问一次的过程。图的遍历分为深度优先搜索（DFS）和广度优先搜索（BFS）两种基本方法。,,,,,,,,valid,,2,,2026-08-25T11:12:06.710180+00:00
86,85,1,数据结构,7.3.1 深度优先搜索,4,1,import,深度优先搜索是一种图的遍历算法，从某个起始顶点出发，访问并标记该顶点，然后递归地访问其未被访问的邻接顶点；当某顶点的所有邻接顶点均已被访问时，回溯到上一顶点继续探索，直至从起始顶点出发可达的所有顶点均被访问为止。,,,,,,,,valid,,0,,2026-08-25T11:12:06.710180+00:00
87,85,1,数据结构,7.3.2 广度优先搜索,4,1,import,广度优先搜索是一种从起始顶点出发，先访问其所有邻接顶点，再按照访问顺序依次访问这些顶点的邻接顶点，逐层向外扩展的图遍历算法，借助队列作为辅助数据结构实现。,,,,,,,,valid,,1,,2026-08-25T11:12:06.710180+00:00
88,78,1,数据结构,7.4 图的连通性问题,3,1,import,图的连通性问题研究图中任意两个顶点之间是否存在路径相连，包括无向图的连通图与连通分量、有向图的强连通图与强连通分量，以及连通图对应的生成树与生成森林等基本概念。,,,,,,,,valid,,3,,2026-08-25T11:12:06.710180+00:00
89,88,1,数据结构,7.4.1 无向图的连通分量和生成树,4,1,import,无向图的连通分量是其极大连通子图，即图中任意两顶点间均存在路径的最大连通部分；连通图的生成树是包含全部顶点且边数最少（n-1条）的连通子图，即极小连通子图。,,,,,,,,valid,,0,,2026-08-25T11:12:06.710180+00:00
90,88,1,数据结构,7.4.2 有向图的强连通分量,4,1,import,在有向图中，若从顶点vi到vj存在路径，且从vj到vi也存在路径，则称vi和vj是强连通的。有向图的强连通分量是其极大强连通子图，即该子图中任意两个顶点都强连通，且再加入任何其他顶点后不再保持这一性质。,,,,,,,,valid,,1,,2026-08-25T11:12:06.710180+00:00
91,88,1,数据结构,7.4.3 最小生成树,4,1,import,带权连通图中权值总和最小的生成树称为最小生成树,,,,,,,,valid,,2,,2026-08-25T11:12:06.710180+00:00
92,88,1,数据结构,7.4.4 关节点和重连通分量,4,1,import,在无向连通图中，若删除某个顶点及其关联的所有边后，图不再连通，则该顶点称为关节点（割点）。不含关节点的连通图称为重连通图，重连通分量是图中极大的重连通子图。,,,,,,,,valid,,3,,2026-08-25T11:12:06.710180+00:00
93,78,1,数据结构,7.5 有向无环图及其应用,3,1,import,有向无环图（DAG）是指不存在有向环的有向图，即从图中任意顶点出发，沿有向边行进，都无法回到该顶点自身。它用于表示具有先后依赖关系的活动或任务之间的偏序关系。,,,,,,,,valid,,4,,2026-08-25T11:12:06.710180+00:00
94,93,1,数据结构,7.5.1 拓扑排序,4,1,import,"拓扑排序是对有向无环图（DAG）的所有顶点排成一个线性序列，使得图中任意一条有向边(u,v)，顶点u在序列中都排在顶点v之前。该线性序列称为拓扑序列，这一排序过程即拓扑排序。",,,,,,,,valid,,0,,2026-08-25T11:12:06.710180+00:00
95,93,1,数据结构,7.5.2 关键路径,4,1,import,关键路径是在AOE网（边表示活动、边权表示活动持续时间的带权有向无环图）中，从源点到汇点具有最大路径长度的路径。路径上的活动称为关键活动，关键活动的持续时间之和决定了整个工程的最短完成时间。,,,,,,,,valid,,1,,2026-08-25T11:12:06.710180+00:00
96,78,1,数据结构,7.6 最短路径,3,1,import,最短路径是指在带权图中，从某一源点（起点）到目标顶点之间所有可达路径中，各边权值之和最小的那条路径，该权值之和称为最短路径长度。求解最短路径即找出这条路径并确定其长度。,,,,,,,,valid,,5,,2026-08-25T11:12:06.710180+00:00
97,96,1,数据结构,7.6.1 从某个源点到其余各顶点的最短路径,4,1,import,从某个源点到其余各顶点的最短路径问题，指在带权图中给定一个源点v0，求从v0到图中其余每个顶点的最短路径及其长度。通常采用Dijkstra算法求解，该算法按路径长度递增的次序，逐步确定各顶点到源点的最短路径。,,,,,,,,valid,,0,,2026-08-25T11:12:06.710180+00:00
98,96,1,数据结构,7.6.2 每一对顶点之间的最短路径,4,1,import,每一对顶点之间的最短路径问题是指求图中任意两个顶点之间的最短路径长度及路径本身的问题，通常采用Floyd（弗洛伊德）算法求解。该算法基于动态规划思想，依次允许各顶点作为中间顶点，逐步更新任意两顶点间的最短路径，最终得到所有顶点对之间的最短路径。,,,,,,,,valid,,1,,2026-08-25T11:12:06.710180+00:00
99,,1,数据结构,第8章 动态存储管理,2,1,import,,,,,,,,,,,7,,2026-08-25T11:12:06.710180+00:00
100,99,1,数据结构,8.1 概述,3,1,import,动态存储管理概述是对程序运行过程中存储空间的动态分配与回收问题的总体介绍，说明当数据结构的大小和数量在编译时无法预先确定时，如何对内存中可利用的存储空间进行组织、分配与回收。,,,,,,,,valid,,0,,2026-08-25T11:12:06.710180+00:00
101,99,1,数据结构,8.2 可利用空间表及分配方法,3,1,import,可利用空间表是将内存中所有空闲块按一定顺序链接而成的链表，用于记录和管理空闲存储空间。分配方法是从可利用空间表中选取满足请求大小的空闲块分配给请求者的策略，主要包括首次拟合、最佳拟合和最差拟合三种。,,,,,,,,valid,,1,,2026-08-25T11:12:06.710180+00:00
102,99,1,数据结构,8.3 边界标识法,3,1,import,边界标识法是一种动态存储管理方法，在每个内存块（无论空闲或占用）的头部和底部各设置一个边界标识，记录该块的大小和状态（空闲/占用）。分配时根据请求大小在可利用空间表中查找合适的空闲块；回收时依据边界标识判断相邻块的状态，实现相邻空闲块的合并。,,,,,,,,valid,,2,,2026-08-25T11:12:06.710180+00:00
103,102,1,数据结构,8.3.1 可利用空间表的结构,4,1,import,可利用空间表是边界标识法中管理动态存储空间空闲块的数据结构，将系统中所有空闲块通过双向链表链接成循环链表。每个空闲块在头部和底部均设置标志域和大小域作为边界标识，用于在分配和回收时识别块的边界及判断相邻块的状态。,,,,,,,,valid,,0,,2026-08-25T11:12:06.710180+00:00
104,102,1,数据结构,8.3.2 分配算法,4,1,import,分配算法是边界标识法中根据用户请求的空间大小n，在可利用空间表中查找不小于n的空闲块并分配给用户的过程。采用首次适应策略从表头开始顺序查找，找到后依据空闲块大小与请求大小的差值决定整块分配或分割分配，若整表查找无合适空闲块则分配失败。,,,,,,,,valid,,1,,2026-08-25T11:12:06.710180+00:00
105,102,1,数据结构,8.3.3 回收算法,4,1,import,回收算法是边界标识法中将被释放的内存块归还到可利用空间表的过程。系统通过检查被释放块上邻块和下邻块的边界标记，判断相邻块是否为空闲块，若为空闲则与之合并形成更大的空闲块，更新边界标记后将合并后的块插入可利用空间表。,,,,,,,,valid,,2,,2026-08-25T11:12:06.710180+00:00
106,99,1,数据结构,8.4 伙伴系统,3,1,import,伙伴系统是一种动态存储管理方法，将可利用空间按2的幂次大小分类建立空闲块链表。分配时从满足需求的最小空闲块开始，若无合适大小的空闲块则对较大空闲块对半分割；释放时若其伙伴块也为空闲，则合并为更大的块。,,,,,,,,valid,,3,,2026-08-25T11:12:06.710180+00:00
107,106,1,数据结构,8.4.1 可利用空间表的结构,4,1,import,可利用空间表是伙伴系统中管理空闲存储块的数组结构，数组下标i对应大小为2^i的空闲块链表，每个链表中的结点（空闲块）大小相同，通过块内存储的指针链接成链表。,,,,,,,,valid,,0,,2026-08-25T11:12:06.710180+00:00
108,106,1,数据结构,8.4.2 分配算法,4,1,import,伙伴系统的分配算法是指当用户请求大小为 n 的存储块时，系统将 n 向上取整为 2 的幂次方 2^k，在可利用空间表中查找该大小的空闲块；若不存在，则从更大的空闲块中逐次对半分割，直至得到所需大小的块，并将每次分割产生的另一半（伙伴）插入相应大小的空闲链表中的过程。,,,,,,,,valid,,1,,2026-08-25T11:12:06.710180+00:00
109,106,1,数据结构,8.4.3 回收算法,4,1,import,回收算法是伙伴系统中将释放的内存块归还空闲链表的过程：释放大小为2^i的块时，检查其伙伴块是否空闲，若空闲则与之合并为大小为2^(i+1)的块，并继续向上检查合并，直至伙伴块不空闲为止，最后将所得块插入对应大小的空闲链表。,,,,,,,,valid,,2,,2026-08-25T11:12:06.710180+00:00
110,99,1,数据结构,8.5 无用单元收集,3,1,import,无用单元收集是动态存储管理中回收无用单元的过程。无用单元是指已不再被程序使用但尚未归还给可利用空间表的存储块。收集时从现行工作区出发标记所有可达存储块，再扫描存储空间回收未被标记的块。,,,,,,,,valid,,4,,2026-08-25T11:12:06.710180+00:00
111,99,1,数据结构,8.6 存储紧缩,3,1,import,存储紧缩是指在无用单元收集之后，将所有已分配单元移动到存储区的一端，使空闲单元集中到另一端并合并成一个连续的大空闲块，从而消除存储碎片、提高存储空间利用率的技术。,,,,,,,,valid,,5,,2026-08-25T11:12:06.710180+00:00
112,,1,数据结构,第9章 查找,2,1,import,根据给定关键字在数据集合中确定特定元素的过程是数据处理的基本操作,,,,,,,,,,8,,2026-08-25T11:12:06.710180+00:00
113,112,1,数据结构,9.1 静态查找表,3,1,import,静态查找表是指在查找过程中表的内容不发生改变、仅执行查找操作而不进行插入和删除操作的查找表。其查找方法包括顺序查找、折半查找和分块查找，衡量查找效率的指标为平均查找长度（ASL）。,,,,,,,,valid,,0,,2026-08-25T11:12:06.710180+00:00
114,113,1,数据结构,9.1.1 顺序表的查找,4,1,import,顺序查找（又称线性查找）是在顺序存储的线性表中，从表的一端开始，将表中记录的关键字与给定值依次逐个进行比较，若找到关键字等于给定值的记录则查找成功，若查遍全表仍未找到则查找失败的一种查找方法。,,,,,,,,valid,,0,,2026-08-25T11:12:06.710180+00:00
115,113,1,数据结构,9.1.2 有序表的查找,4,1,import,有序表的查找是指在按关键字递增或递减排列的线性表中进行查找的方法，其核心是折半查找：每次将待查关键字与表中间位置的记录比较，相等则查找成功，否则根据比较结果舍弃一半查找区间，在剩余区间内继续折半，直至找到记录或区间为空（查找失败）。,,,,,,,,valid,,1,,2026-08-25T11:12:06.710180+00:00
116,113,1,数据结构,9.1.3 静态树表的查找,4,1,import,静态树表查找是指当静态查找表中各记录的查找概率不等时，将查找表组织为次优查找树进行查找的方法。构造时每次选择使左右子树权值之和之差绝对值最小的结点作为根，使带权平均查找长度尽可能小，查找过程与二叉排序树类似。,,,,,,,,valid,,2,,2026-08-25T11:12:06.710180+00:00
117,113,1,数据结构,9.1.4 索引顺序表的查找,4,1,import,索引顺序表的查找又称分块查找，将查找表分成若干块，块间关键字有序、块内关键字无序，另建索引表记录每块的最大关键字和块首地址。查找时先在索引表中确定待查关键字所在块，再在块内进行顺序查找。,,,,,,,,valid,,3,,2026-08-25T11:12:06.710180+00:00
118,112,1,数据结构,9.2 动态查找表,3,1,import,动态查找表是指在查找过程中表的结构可以发生变化的查找表，即在查找的同时允许对表进行数据元素的插入或删除操作，使表能够适应数据集合的动态变化。,,,,,,,,valid,,1,,2026-08-25T11:12:06.710180+00:00
119,118,1,数据结构,9.2.1 二叉排序树和平衡二叉树,4,1,import,"二叉排序树（二叉查找树）是满足""左子树所有结点关键字小于根结点、右子树所有结点关键字大于根结点""且左右子树也均为二叉排序树的二叉树，其中序遍历序列递增有序。平衡二叉树（AVL树）是任意结点左右子树高度之差的绝对值不超过1的二叉排序树。",,,,,,,,valid,,0,,2026-08-25T11:12:06.710180+00:00
120,118,1,数据结构,9.2.2 B_树和B+树,4,1,import,B树是多路平衡查找树每个结点含多个关键字和子树指针,,,,,,,,valid,,1,,2026-08-25T11:12:06.710180+00:00
121,118,1,数据结构,9.2.3 键树,4,1,import,键树又称数字查找树，是一棵多叉树，树中每个结点存放组成关键字的一个字符，从根结点到某一终端结点的路径上各结点字符依次连接构成一个完整的关键字，查找时按关键字的字符序列逐层匹配。,,,,,,,,valid,,2,,2026-08-25T11:12:06.710180+00:00
122,112,1,数据结构,9.3 哈希表,3,1,import,哈希表是一种以关键字为索引、通过哈希函数将关键字映射为存储地址的数据结构。查找时依据关键字经哈希函数计算得到地址，直接访问该位置并比较关键字，从而实现快速查找。,,,,,,,,valid,,2,,2026-08-25T11:12:06.710180+00:00
123,122,1,数据结构,9.3.1 什么是哈希表,4,1,import,哈希表（散列表）是一种根据关键字直接进行访问的查找结构。它利用哈希函数将关键字映射为表中的存储位置（哈希地址），建立关键字与存储位置之间的对应关系，从而无需经过多次比较即可直接定位待查记录。,,,,,,,,valid,,0,,2026-08-25T11:12:06.710180+00:00
124,122,1,数据结构,9.3.2 哈希函数的构造方法,4,1,import,哈希函数的构造方法是指设计一个函数，将记录的关键字映射为哈希表中的存储地址（哈希地址）的规则。常用的构造方法有直接定址法、除留余数法、数字分析法、平方取中法、折叠法和随机数法等，其中除留余数法最为常用。,,,,,,,,valid,,1,,2026-08-25T11:12:06.710180+00:00
125,122,1,数据结构,9.3.3 处理冲突的方法,4,1,import,处理冲突的方法是指在哈希表中，当两个或多个关键字经哈希函数计算得到相同地址（即发生冲突）时，为这些同义词关键字安排存储位置的技术手段，主要包括开放定址法和拉链法两大类。,,,,,,,,valid,,2,,2026-08-25T11:12:06.710180+00:00
126,122,1,数据结构,9.3.4 哈希表的查找及其分析,4,1,import,哈希表的查找是指根据给定关键字，通过哈希函数计算其哈希地址，若该地址单元为空则查找失败，否则比较关键字：相等则查找成功，不等则按冲突处理方法继续探测，直至找到关键字或遇到空单元为止的过程。其分析主要研究查找成功与查找失败时的平均查找长度及其影响因素。,,,,,,,,valid,,3,,2026-08-25T11:12:06.710180+00:00
127,,1,数据结构,第10章 内部排序,2,1,import,将一个数据元素的任意序列重新排列成按关键字有序序列的过程,,,,,,,,,,9,,2026-08-25T11:12:06.710180+00:00
128,127,1,数据结构,10.1 概述,3,1,import,排序是将任意序列的关键字按递增或递减顺序重新排列的过程,,,,,,,,valid,,0,,2026-08-25T11:12:06.710180+00:00
129,127,1,数据结构,10.2 插入排序,3,1,import,将待排序元素逐个插入到已排序序列的适当位置从而完成排序,,,,,,,,valid,,1,,2026-08-25T11:12:06.710180+00:00
130,129,1,数据结构,10.2.1 直接插入排序,4,1,import,将每个待排序元素按其关键字大小插入到已排序子序列的正确位置,,,,,,,,valid,,0,,2026-08-25T11:12:06.710180+00:00
131,129,1,数据结构,10.2.2 其他插入排序,4,1,import,在直接插入排序基础上通过折半查找等方式减少比较次数的改进算法,,,,,,,,valid,,1,,2026-08-25T11:12:06.710180+00:00
132,129,1,数据结构,10.2.3 希尔排序,4,1,import,希尔排序又称缩小增量排序，是插入排序的一种改进算法。它将待排序序列按某个增量d分割成若干子序列，对每个子序列分别进行直接插入排序，然后逐步缩小增量重复此过程，直到增量减为1时对整个序列做一次直接插入排序，使序列最终有序。,,,,,,,,valid,,2,,2026-08-25T11:12:06.710180+00:00
133,127,1,数据结构,10.3 快速排序,3,1,import,选取基准元素将序列划分为两部分并递归排序,,,,,,,,valid,,2,,2026-08-25T11:12:06.710180+00:00
134,127,1,数据结构,10.4 选择排序,3,1,import,每次从未排序序列中选出关键字最小的元素放入已排序序列末尾,,,,,,,,valid,,3,,2026-08-25T11:12:06.710180+00:00
135,134,1,数据结构,10.4.1 简单选择排序,4,1,import,通过n-1次关键字比较从无序序列中选出最小元素并交换到正确位置,,,,,,,,valid,,0,,2026-08-25T11:12:06.710180+00:00
136,134,1,数据结构,10.4.2 树形选择排序,4,1,import,树形选择排序（又称锦标赛排序）是一种基于完全二叉树的选择排序方法。将n个待排序元素作为完全二叉树的叶子结点，两两比较，较小者晋级到父结点，最终根结点即为最小值；取出根结点后，将该叶子结点置为∞，再沿路径向上重新比较，重复n次即可得到有序序列。,,,,,,,,valid,,1,,2026-08-25T11:12:06.710180+00:00
137,134,1,数据结构,10.4.3 堆排序,4,1,import,利用堆这种数据结构进行选择排序以提高效率,,,,,,,,valid,,2,,2026-08-25T11:12:06.710180+00:00
138,127,1,数据结构,10.5 归并排序,3,1,import,将两个或多个有序序列合并为一个有序序列的排序方法,,,,,,,,valid,,4,,2026-08-25T11:12:06.710180+00:00
139,127,1,数据结构,10.6 基数排序,3,1,import,"基数排序是一种不基于关键字比较的排序方法，它借助多趟""分配""和""收集""操作，按关键字的各位数值（通常从最低位到最高位）依次将记录分配到对应基数的队列（桶）中，再按序收集，最终使整个序列有序。",,,,,,,,valid,,5,,2026-08-25T11:12:06.710180+00:00
140,139,1,数据结构,10.6.1 多关键字的排序,4,1,import,多关键字排序是指对具有多个关键字（按重要程度分为主关键字和次关键字）的记录进行排序的方法。其基本思想是依据各关键字的重要程度，按一定顺序逐次进行排序，最终使记录按所有关键字的组合达到有序。常用的实现方法有最高位优先法（MSD）和最低位优先法（LSD）。,,,,,,,,valid,,0,,2026-08-25T11:12:06.710180+00:00
141,139,1,数据结构,10.6.2 链式基数排序,4,1,import,使用链表实现基数排序以避免数据移动的排序方法,,,,,,,,valid,,1,,2026-08-25T11:12:06.710180+00:00
142,127,1,数据结构,10.7 各种内部排序方法的比较讨论,3,1,import,对常见内部排序算法的时间复杂度和空间复杂度进行综合比较分析,,,,,,,,valid,,6,,2026-08-25T11:12:06.710180+00:00
143,,1,数据结构,第11章 外部排序,2,1,import,当数据量超过内存容量时利用外存进行排序的方法,,,,,,,,,,10,,2026-08-25T11:12:06.710180+00:00
144,143,1,数据结构,11.1 外存信息的存取,3,1,import,磁盘和磁带等外部存储设备的信息存储与访问方式,,,,,,,,valid,,0,,2026-08-25T11:12:06.710180+00:00
145,143,1,数据结构,11.2 外部排序的方法,3,1,import,外部排序是指待排序文件过大、无法全部装入内存时，采用归并方法进行排序的过程。基本方法是：先将外存文件按内存缓冲区大小分段，逐段读入内存用内部排序方法排序，生成有序的初始归并段（顺串）写回外存；再对归并段反复归并，最终得到有序文件。,,,,,,,,valid,,1,,2026-08-25T11:12:06.710180+00:00
146,143,1,数据结构,11.3 多路平衡归并的实现,3,1,import,多路平衡归并是外部排序中将多个有序归并段合并为一个有序文件的归并方法。它同时从k个归并段中选取关键字最小的记录输出，借助败者树减少比较次数，使归并段数量按k倍逐趟减少，直至全部合并完成。,,,,,,,,valid,,2,,2026-08-25T11:12:06.710180+00:00
147,143,1,数据结构,11.4 置换-选择排序,3,1,import,置换-选择排序是外部排序中生成初始归并段的一种方法，利用内存中的最小堆作为工作区，通过反复输出堆中最小记录并从输入文件读入新记录补充进堆，从而生成长度可超过内存容量的初始归并段。,,,,,,,,valid,,3,,2026-08-25T11:12:06.710180+00:00
148,143,1,数据结构,11.5 最佳归并树,3,1,import,利用哈夫曼树原理构造归并树以使外部归并的I/O次数最少,,,,,,,,valid,,4,,2026-08-25T11:12:06.710180+00:00
149,,1,数据结构,第12章 文件,2,1,import,存储在外部存储设备上的数据元素集合及其组织方式,,,,,,,,,,11,,2026-08-25T11:12:06.710180+00:00
150,149,1,数据结构,12.1 有关文件的基本概念,3,1,import,文件是记录的集合以及对记录进行组织和操作的基本概念,,,,,,,,valid,,0,,2026-08-25T11:12:06.710180+00:00
151,149,1,数据结构,12.2 顺序文件,3,1,import,顺序文件是指文件中的记录按逻辑次序依次排列、记录的物理存储顺序与逻辑顺序一致的文件组织形式。记录通常按关键字值的大小有序排列，存取时必须从文件头开始按顺序进行，适合批量处理。,,,,,,,,valid,,1,,2026-08-25T11:12:06.710180+00:00
152,149,1,数据结构,12.3 索引文件,3,1,import,索引文件是一种在数据区之外另建索引表来组织记录的文件。索引表由若干索引项组成，每个索引项包含记录的关键字和指向对应记录的指针，查找时先查索引表定位指针，再按指针访问数据区中的记录，从而实现按关键字的快速查找。,,,,,,,,valid,,2,,2026-08-25T11:12:06.710180+00:00
153,149,1,数据结构,12.4 ISAM文件和VSAM文件,3,1,import,ISAM（索引顺序存取方法）是磁盘文件的一种索引顺序组织方法，记录按关键字顺序存放，并建立主索引、柱面索引、磁道索引等多级索引以支持顺序存取和直接存取。VSAM（虚拟存储存取方法）是IBM公司提出的文件组织方法，以控制区间（CI）和控制区域（CA）为基本存储单位，同样支持顺序存取和直接存取。,,,,,,,,valid,,3,,2026-08-25T11:12:06.710180+00:00
154,153,1,数据结构,12.4.1 ISAM文件,4,1,import,ISAM（索引顺序存取方法）文件是一种将记录按关键字顺序排列，并建立多级索引表以支持顺序存取和随机存取的文件组织方式。文件由索引区、数据区和溢出区构成，通过索引定位记录在磁盘上的位置。,,,,,,,,valid,,0,,2026-08-25T11:12:06.710180+00:00
155,153,1,数据结构,12.4.2 VSAM文件,4,1,import,VSAM（虚拟存储存取方法）是IBM大型机系统中采用的一种文件组织与存取方法，提供键顺序数据集（KSDS）、入口顺序数据集（ESDS）和相对记录数据集（RRDS）三种组织方式，其中KSDS通过B+树索引结构实现按主键存取记录。,,,,,,,,valid,,1,,2026-08-25T11:12:06.710180+00:00
156,149,1,数据结构,12.5 直接存取文件(散列文件),3,1,import,散列文件（直接存取文件）是一种利用散列函数将记录的键值直接映射为存储地址的文件组织形式。存取记录时，通过散列函数对键值进行计算，直接得到记录在文件中的存储位置，无需遍历文件或查找索引表，从而实现按关键字直接存取。,,,,,,,,valid,,4,,2026-08-25T11:12:06.710180+00:00
157,149,1,数据结构,12.6 多关键字文件,3,1,import,多关键字文件是指除主关键字外还包含多个次关键字，并为每个次关键字建立索引，从而支持按任意次关键字进行检索的文件组织形式。其典型实现包括多重表文件和倒排文件两种。,,,,,,,,valid,,5,,2026-08-25T11:12:06.710180+00:00
158,157,1,数据结构,12.6.1 多重表文件,4,1,import,多重表文件是一种多关键字文件组织方式，在主文件中为每个次关键字设置一个指针域，将具有相同次关键字值的记录通过指针链接成链表，并建立次索引表记录各次关键字值对应的链表头指针和链表长度，以实现按次关键字快速检索记录。,,,,,,,,valid,,0,,2026-08-25T11:12:06.710180+00:00
159,157,1,数据结构,12.6.2 倒排文件,4,1,import,倒排文件是多关键字文件的一种组织方式，由主文件和倒排表两部分组成。主文件按主关键字存放全部记录，倒排表为每个次关键字建立一个表项，列出具有该次关键字值的所有记录的地址（或主关键字值），从而支持按次关键字快速检索记录。,,,,,,,,valid,,1,,2026-08-25T11:12:06.710180+00:00
160,,2,高等数学,第1章 函数与极限,2,1,import,,,,,,,,,,,0,,2026-08-25T11:20:01.529176+00:00
161,160,2,高等数学,1.1 映射与函数,3,1,import,研究两个非空集合之间对应关系的数学工具，函数是特殊的映射,,,,,,,,valid,,0,,2026-08-25T11:20:01.529176+00:00
162,161,2,高等数学,映射,4,1,import,设X和Y是两个非空集合，若对每个x∈X存在唯一y∈Y与之对应则称f为映射,,,,,,,,valid,,0,,2026-08-25T11:20:01.529176+00:00
163,161,2,高等数学,函数,4,1,import,数集到数集的特殊映射，通常表示为y=f(x) x∈D,,,,,,,,valid,,1,,2026-08-25T11:20:01.529176+00:00
164,160,2,高等数学,1.2 数列的极限,3,1,import,研究数列在项数无限增大时变化趋势的数学理论,,,,,,,,valid,,1,,2026-08-25T11:20:01.529176+00:00
165,164,2,高等数学,数列极限的定义,4,1,import,∀ε>0存在正整数N使得当n>N时|xₙ-A|<ε则称A为数列极限,,,,,,,,valid,,0,,2026-08-25T11:20:01.529176+00:00
166,164,2,高等数学,收敛数列的性质,4,1,import,收敛数列具有唯一性 | 有界性 | 保号性 | 四则运算封闭性等重要性质,,,,,,,,valid,,1,,2026-08-25T11:20:01.529176+00:00
167,160,2,高等数学,1.3 函数的极限,3,1,import,研究自变量趋于某点或无穷时函数值的变化趋势,,,,,,,,valid,,2,,2026-08-25T11:20:01.529176+00:00
168,167,2,高等数学,函数极限的定义,4,1,import,∀ε>0存在δ>0使得当0<|x-x₀|<δ时|f(x)-A|<ε则称极限存在,,,,,,,,valid,,0,,2026-08-25T11:20:01.529176+00:00
169,167,2,高等数学,函数极限的性质,4,1,import,函数极限具有唯一性 | 局部有界性 | 局部保号性 | 四则运算封闭性等性质,,,,,,,,valid,,1,,2026-08-25T11:20:01.529176+00:00
170,160,2,高等数学,1.4 无穷小与无穷大,3,1,import,无穷小是极限为零的量，无穷大是绝对值无限增大的量,,,,,,,,valid,,3,,2026-08-25T11:20:01.529176+00:00
171,170,2,高等数学,无穷小,4,1,import,极限为零的变量称为无穷小，是极限理论的核心概念,,,,,,,,valid,,0,,2026-08-25T11:20:01.529176+00:00
172,170,2,高等数学,无穷大,4,1,import,在自变量变化过程中绝对值无限增大的变量,,,,,,,,valid,,1,,2026-08-25T11:20:01.529176+00:00
173,160,2,高等数学,1.5 极限运算法则,3,1,import,极限的四则运算法则及复合函数极限运算法则,,,,,,,,valid,,4,,2026-08-25T11:20:01.529176+00:00
174,160,2,高等数学,1.6 极限存在准则 两个重要极限,3,1,import,单调有界准则与夹逼准则是判定极限存在的基本准则，两个重要极限是基础,,,,,,,,valid,,5,,2026-08-25T11:20:01.529176+00:00
175,160,2,高等数学,1.7 无穷小的比较,3,1,import,根据无穷小之比的极限来比较无穷小趋于零的快慢程度,,,,,,,,valid,,6,,2026-08-25T11:20:01.529176+00:00
176,160,2,高等数学,1.8 函数的连续性与间断点,3,1,import,设函数 f(x) 在点 x₀ 的某邻域内有定义，若当自变量 x 趋于 x₀ 时函数的极限存在且等于函数在该点的值，即 lim(x→x₀) f(x) = f(x₀)，则称函数 f(x) 在点 x₀ 处连续；若函数在区间内每一点都连续，则称函数在该区间上连续。函数不连续的点称为间断点。,,,,,,,,valid,,7,,2026-08-25T11:20:01.529176+00:00
177,176,2,高等数学,函数的连续性,4,1,import,若函数在点x₀处极限值等于函数值则称函数在该点连续,,,,,,,,valid,,0,,2026-08-25T11:20:01.529176+00:00
178,176,2,高等数学,函数的间断点,4,1,import,如果函数f(x)在点x₀的某去心邻域内有定义，但在点x₀处不连续，则称x₀为函数f(x)的间断点（不连续点）。间断点按左右极限是否存在及是否相等，分为第一类间断点和第二类间断点。,,,,,,,,valid,,1,,2026-08-25T11:20:01.529176+00:00
179,160,2,高等数学,1.9 连续函数的运算与初等函数的连续性,3,1,import,研究连续函数经过四则运算、复合运算及反函数运算后连续性的保持规律，并据此得出一切初等函数在其定义区间内均连续的结论。该结论为利用连续性求函数极限提供了理论依据。,,,,,,,,valid,,8,,2026-08-25T11:20:01.529176+00:00
180,179,2,高等数学,连续函数的和差积商的连续性,4,1,import,有限个连续函数的和差积商在公共定义域上仍连续,,,,,,,,valid,,0,,2026-08-25T11:20:01.529176+00:00
181,179,2,高等数学,反函数与复合函数的连续性,4,1,import,连续函数的反函数和复合函数在相应条件下仍连续,,,,,,,,valid,,1,,2026-08-25T11:20:01.529176+00:00
182,179,2,高等数学,初等函数的连续性,4,1,import,初等函数是由基本初等函数（常数函数、幂函数、指数函数、对数函数、三角函数、反三角函数）经过有限次四则运算和有限次复合运算所构成的函数。一切初等函数在其定义区间内都是连续的。,,,,,,,,valid,,2,,2026-08-25T11:20:01.529176+00:00
183,160,2,高等数学,1.10 闭区间上连续函数的性质,3,1,import,"闭区间上连续函数的性质指定义在闭区间[a,b]上的连续函数所具有的四个基本定理：有界性定理、最值定理、零点定理和介值定理，它们刻画了连续函数在闭区间上的整体行为特征。",,,,,,,,valid,,9,,2026-08-25T11:20:01.529176+00:00
184,183,2,高等数学,有界性与最大值最小值定理,4,1,import,"若函数f(x)在闭区间[a,b]上连续，则f(x)在[a,b]上有界，且必能取到最大值与最小值，即存在ξ1、ξ2∈[a,b]，使得对一切x∈[a,b]都有f(ξ1)≤f(x)≤f(ξ2)。",,,,,,,,valid,,0,,2026-08-25T11:20:01.529176+00:00
185,183,2,高等数学,零点定理与介值定理,4,1,import,闭区间连续函数在端点值异号时必有零点，可取到两端点值之间的任意值,,,,,,,,valid,,1,,2026-08-25T11:20:01.529176+00:00
186,,2,高等数学,第2章 导数与微分,2,1,import,,,,,,,,,,,1,,2026-08-25T11:20:01.529176+00:00
187,186,2,高等数学,2.1 导数概念,3,1,import,描述函数相对于自变量变化快慢的数学工具，是微分学的基本概念,,,,,,,,valid,,0,,2026-08-25T11:20:01.529176+00:00
188,187,2,高等数学,引例,4,1,import,通过变速直线运动求瞬时速度和曲线切线斜率引入导数概念,,,,,,,,valid,,0,,2026-08-25T11:20:01.529176+00:00
189,187,2,高等数学,导数的定义,4,1,import,设函数y=f(x)在点x0的某邻域内有定义，当自变量增量Δx趋于0时，函数增量Δy与Δx之比（差商）的极限存在，则称该极限值为函数f(x)在点x0处的导数，记作f'(x0)。导数刻画了函数在该点的瞬时变化率。,,,,,,,,valid,,1,,2026-08-25T11:20:01.529176+00:00
190,187,2,高等数学,导数的几何意义,4,1,import,函数y=f(x)在点x₀处的导数f'(x₀)等于曲线在该点切线的斜率,,,,,,,,valid,,2,,2026-08-25T11:20:01.529176+00:00
191,187,2,高等数学,函数可导性与连续性的关系,4,1,import,函数可导必连续但连续不一定可导，这是重要的充分非必要关系,,,,,,,,valid,,3,,2026-08-25T11:20:01.529176+00:00
192,186,2,高等数学,2.2 函数的求导法则,3,1,import,四则运算求导、反函数求导和复合函数求导的基本法则,,,,,,,,valid,,1,,2026-08-25T11:20:01.529176+00:00
193,192,2,高等数学,函数的和差积商的求导法则,4,1,import,设函数 u(x) 与 v(x) 在点 x 处可导，则它们的和、差、积、商（v(x)≠0）在该点也可导。和、差的导数等于各自导数的和、差；积的导数等于 u'v+uv'；商的导数等于 (u'v−uv')/v²。,,,,,,,,valid,,0,,2026-08-25T11:20:01.529176+00:00
194,192,2,高等数学,反函数的求导法则,4,1,import,若y=f(x)单调可导且f'(x)≠0则其反函数x=f⁻¹(y)也可导且导数互为倒数,,,,,,,,valid,,1,,2026-08-25T11:20:01.529176+00:00
195,192,2,高等数学,复合函数的求导法则,4,1,import,复合函数导数等于外函数导数乘以内函数导数的链式法则,,,,,,,,valid,,2,,2026-08-25T11:20:01.529176+00:00
196,192,2,高等数学,基本求导法则与导数公式,4,1,import,常用初等函数的导数公式表及求导的基本法则汇总,,,,,,,,valid,,3,,2026-08-25T11:20:01.529176+00:00
197,186,2,高等数学,2.3 高阶导数,3,1,import,函数的导数若仍可导则其导数称为二阶导数，依此类推可定义n阶导数,,,,,,,,valid,,2,,2026-08-25T11:20:01.529176+00:00
198,186,2,高等数学,2.4 隐函数及由参数方程所确定的函数的导数 相关变化率,3,1,import,"隐函数是由方程F(x,y)=0确定的函数y=y(x)，其导数通过方程两边对x求导（视y为x的函数）求得；参数方程确定的函数由x=φ(t)、y=ψ(t)给出，其导数dy/dx=(dy/dt)/(dx/dt)；相关变化率指对变量间关系式关于时间t求导，建立各量变化率之间的联系。",,,,,,,,valid,,3,,2026-08-25T11:20:01.529176+00:00
199,198,2,高等数学,隐函数的导数,4,1,import,"隐函数的导数是指由方程 F(x,y)=0 所确定的函数 y=y(x) 对自变量 x 的导数。求法为对方程两边同时对 x 求导，将 y 视为 x 的函数，对含 y 的项应用复合函数求导法则后，从所得方程中解出 y' 的表达式。",,,,,,,,valid,,0,,2026-08-25T11:20:01.529176+00:00
200,198,2,高等数学,由参数方程所确定的函数的导数,4,1,import,参数方程x=φ(t) y=ψ(t)确定的函数导数为dy/dx=(dy/dt)/(dx/dt),,,,,,,,valid,,1,,2026-08-25T11:20:01.530176+00:00
201,198,2,高等数学,相关变化率,4,1,import,两个或多个相关变化的量之间通过某个关系式建立联系并求其变化率,,,,,,,,valid,,2,,2026-08-25T11:20:01.530176+00:00
202,186,2,高等数学,2.5 函数的微分,3,1,import,函数的微分是函数增量的线性主部，用于近似计算和误差估计,,,,,,,,valid,,4,,2026-08-25T11:20:01.530176+00:00
203,202,2,高等数学,微分的定义,4,1,import,若函数增量可表示为Δy=AΔx+o(Δx)则称函数可微且微分dy=AΔx,,,,,,,,valid,,0,,2026-08-25T11:20:01.530176+00:00
204,202,2,高等数学,微分的几何意义,4,1,import,微分dy是曲线切线纵坐标的增量，用于近似代替函数增量,,,,,,,,valid,,1,,2026-08-25T11:20:01.530176+00:00
205,202,2,高等数学,基本初等函数的微分公式与微分运算法则,4,1,import,基本初等函数的微分公式及四则运算微分法则,,,,,,,,valid,,2,,2026-08-25T11:20:01.530176+00:00
206,202,2,高等数学,微分在近似计算中的应用,4,1,import,当自变量的改变量|Δx|很小时，用函数的微分dy=f'(x₀)Δx近似代替函数的增量Δy，即f(x₀+Δx)≈f(x₀)+f'(x₀)Δx，从而对函数值或函数增量进行近似计算的方法。,,,,,,,,valid,,3,,2026-08-25T11:20:01.530176+00:00
207,,2,高等数学,第3章 微分中值定理与导数的应用,2,1,import,微分中值定理是联系函数与其导数的桥梁，导数可用于研究函数性质,,,,,,,,,,2,,2026-08-25T11:20:01.530176+00:00
208,207,2,高等数学,3.1 微分中值定理,3,1,import,三个中值定理(罗尔 | 拉格朗日 | 柯西)是导数应用的理论基础,,,,,,,,valid,,0,,2026-08-25T11:20:01.530176+00:00
209,208,2,高等数学,罗尔定理,4,1,import,"若函数f(x)在闭区间[a,b]上连续，在开区间(a,b)内可导，且f(a)=f(b)，则至少存在一点ξ∈(a,b)使得f'(ξ)=0。罗尔定理是拉格朗日中值定理的特殊情况。",,,,,,,,valid,,0,,2026-08-25T11:20:01.530176+00:00
210,208,2,高等数学,拉格朗日中值定理,4,1,import,"若函数f(x)在闭区间[a,b]上连续，在开区间(a,b)内可导，则至少存在一点ξ∈(a,b)使得f(b)-f(a)=f'(ξ)(b-a)。拉格朗日中值定理建立了函数增量与导数之间的联系。",,,,,,,,valid,,1,,2026-08-25T11:20:01.530176+00:00
211,208,2,高等数学,柯西中值定理,4,1,import,"设函数f(x)与g(x)在闭区间[a,b]上连续，在开区间(a,b)内可导，且g'(x)在(a,b)内恒不为零，则至少存在一点ξ∈(a,b)，使得[f(b)-f(a)]/[g(b)-g(a)] = f'(ξ)/g'(ξ)。该定理刻画了两个函数增量之比与导数之比在区间内某点的相等关系。",,,,,,,,valid,,2,,2026-08-25T11:20:01.530176+00:00
212,207,2,高等数学,3.2 洛必达法则,3,1,import,处理0/0和∞/∞型未定式极限的重要方法，通过分子分母分别求导来求极限,,,,,,,,valid,,1,,2026-08-25T11:20:01.530176+00:00
213,207,2,高等数学,3.3 泰勒公式,3,1,import,用多项式逼近函数的方法，是函数局部性质研究的重要工具,,,,,,,,valid,,2,,2026-08-25T11:20:01.530176+00:00
214,207,2,高等数学,3.4 函数的单调性与曲线的凹凸性,3,1,import,利用一阶导数判定函数单调性、二阶导数判定曲线凹凸性的方法,,,,,,,,valid,,3,,2026-08-25T11:20:01.530176+00:00
215,214,2,高等数学,函数单调性的判定法,4,1,import,利用一阶导数的正负号判定函数在区间上的单调性,,,,,,,,valid,,0,,2026-08-25T11:20:01.530176+00:00
216,214,2,高等数学,曲线的凹凸性与拐点,4,1,import,利用二阶导数的正负号判定曲线凹凸性及拐点的求法,,,,,,,,valid,,1,,2026-08-25T11:20:01.530176+00:00
217,207,2,高等数学,3.5 函数的极值与最大值最小值,3,1,import,函数的极值是指函数在一点邻域内的局部最大（小）值：设f(x)在x0的某邻域内有定义，若该邻域内异于x0的任意x都有f(x)<f(x0)（或f(x)>f(x0)），则称f(x0)为极大值（或极小值）。最大值与最小值则是函数在整个定义区间上的整体最大（小）值。,,,,,,,,valid,,4,,2026-08-25T11:20:01.530176+00:00
218,217,2,高等数学,函数的极值及其求法,4,1,import,函数的极值指函数在一点邻域内的局部最大值或局部最小值。设f(x)在x0某邻域内有定义，若该邻域内任意x≠x0恒有f(x)<f(x0)，则f(x0)为极大值；若恒有f(x)>f(x0)，则f(x0)为极小值。求极值用导数变号或二阶导数符号判定。,,,,,,,,valid,,0,,2026-08-25T11:20:01.530176+00:00
219,217,2,高等数学,最大值最小值问题,4,1,import,"设函数f(x)在闭区间[a,b]上连续，若存在x0∈[a,b]，使得对任意x∈[a,b]都有f(x)≤f(x0)，则称f(x0)为f(x)在[a,b]上的最大值；若对任意x∈[a,b]都有f(x)≥f(x0)，则称f(x0)为f(x)在[a,b]上的最小值。最大值与最小值统称为最值。",,,,,,,,valid,,1,,2026-08-25T11:20:01.530176+00:00
220,207,2,高等数学,3.6 函数图形的描绘,3,1,import,综合运用函数性质 | 导数信息和渐近线来描绘函数图像的方法,,,,,,,,valid,,5,,2026-08-25T11:20:01.530176+00:00
221,207,2,高等数学,3.7 曲率,3,1,import,描述曲线弯曲程度的量，是导数在几何中的重要应用,,,,,,,,valid,,6,,2026-08-25T11:20:01.530176+00:00
222,221,2,高等数学,弧微分,4,1,import,曲线弧长微分的表达式是曲率计算的基础，ds=√(1+y'²)dx,,,,,,,,valid,,0,,2026-08-25T11:20:01.530176+00:00
223,221,2,高等数学,曲率及其计算公式,4,1,import,曲率是度量曲线弯曲程度的量，等于切线转角对弧长的变化率,,,,,,,,valid,,1,,2026-08-25T11:20:01.530176+00:00
224,221,2,高等数学,曲率圆与曲率半径,4,1,import,曲率圆是过曲线上某点且与该点处曲线具有相同切线和相同曲率的圆，其半径称为曲率半径，等于该点曲率的倒数ρ=1/K。曲率圆的圆心位于曲线在该点的法线上，称为曲率中心。,,,,,,,,valid,,2,,2026-08-25T11:20:01.530176+00:00
225,,2,高等数学,第4章 不定积分,2,1,import,已知函数的导数求原函数的运算，是微分的逆运算,,,,,,,,,,3,,2026-08-25T11:20:01.530176+00:00
226,225,2,高等数学,4.1 不定积分的概念与性质,3,1,import,研究不定积分的定义、原函数存在条件及其基本性质,,,,,,,,valid,,0,,2026-08-25T11:20:01.530176+00:00
227,226,2,高等数学,原函数与不定积分的概念,4,1,import,若F′(x)=f(x)则称F(x)为f(x)的原函数，全体原函数称为不定积分,,,,,,,,valid,,0,,2026-08-25T11:20:01.530176+00:00
228,226,2,高等数学,基本积分表,4,1,import,常用函数的不定积分公式集合，是积分计算的基础工具,,,,,,,,valid,,1,,2026-08-25T11:20:01.530176+00:00
229,226,2,高等数学,不定积分的性质,4,1,import,不定积分具有线性性和与微分互逆运算的性质,,,,,,,,valid,,2,,2026-08-25T11:20:01.530176+00:00
230,225,2,高等数学,4.2 换元积分法,3,1,import,通过变量代换将复合函数积分化为基本积分表可解的形式,,,,,,,,valid,,1,,2026-08-25T11:20:01.530176+00:00
231,230,2,高等数学,第一类换元法,4,1,import,令u=g(x)凑微分消去被积函数中的内层复合部分,,,,,,,,valid,,0,,2026-08-25T11:20:01.530176+00:00
232,230,2,高等数学,第二类换元法,4,1,import,令x=φ(t)引入新变量消去根号等复杂结构,,,,,,,,valid,,1,,2026-08-25T11:20:01.530176+00:00
233,225,2,高等数学,4.3 分部积分法,3,1,import,利用乘积求导法则推导的积分公式处理乘积型被积函数,,,,,,,,valid,,2,,2026-08-25T11:20:01.530176+00:00
234,225,2,高等数学,4.4 有理函数的积分,3,1,import,有理分式函数通过部分分式分解求积分的方法,,,,,,,,valid,,3,,2026-08-25T11:20:01.530176+00:00
235,234,2,高等数学,有理函数的积分,4,1,import,通过部分分式分解将真分式化为可直接积分的简单分式之和,,,,,,,,valid,,0,,2026-08-25T11:20:01.530176+00:00
236,234,2,高等数学,可化为有理函数的积分,4,1,import,通过代换将三角函数等有理化后求积分,,,,,,,,valid,,1,,2026-08-25T11:20:01.530176+00:00
237,225,2,高等数学,4.5 积分表的使用,3,1,import,积分表的使用是指依据被积函数的结构特征，在预先编制的常见不定积分公式表中查找并匹配对应的积分公式，必要时通过简单的代数恒等变形（如配方、拆项）将被积函数化为表中的标准形式，进而直接套用公式写出积分结果的方法。,,,,,,,,valid,,4,,2026-08-25T11:20:01.530176+00:00
238,,2,高等数学,第5章 定积分,2,1,import,通过极限定义的积分概念及其计算方法,,,,,,,,,,4,,2026-08-25T11:20:01.530176+00:00
239,238,2,高等数学,5.1 定积分的概念与性质,3,1,import,定积分的几何意义、物理意义及其基本性质,,,,,,,,valid,,0,,2026-08-25T11:20:01.530176+00:00
240,239,2,高等数学,定积分问题举例,4,1,import,曲边梯形面积和变速直线运动路程等实际问题的数学建模,,,,,,,,valid,,0,,2026-08-25T11:20:01.530176+00:00
241,239,2,高等数学,定积分的定义,4,1,import,将区间分割后求黎曼和的极限，是定积分的严格数学定义,,,,,,,,valid,,1,,2026-08-25T11:20:01.530176+00:00
242,239,2,高等数学,定积分的近似计算,4,1,import,用矩形法、梯形法和辛普森法近似计算定积分的值,,,,,,,,valid,,2,,2026-08-25T11:20:01.530176+00:00
243,239,2,高等数学,定积分的性质,4,1,import,定积分具有线性性、区间可加性、保序性等基本性质,,,,,,,,valid,,3,,2026-08-25T11:20:01.530176+00:00
244,238,2,高等数学,5.2 微积分基本公式,3,1,import,揭示定积分与不定积分的内在联系，是计算定积分的核心工具,,,,,,,,valid,,1,,2026-08-25T11:20:01.530176+00:00
245,244,2,高等数学,变速直线运动中位置函数与速度函数之间的联系,4,1,import,通过定积分描述位移等于速度函数在时间区间上的积分,,,,,,,,valid,,0,,2026-08-25T11:20:01.530176+00:00
246,244,2,高等数学,积分上限的函数及其导数,4,1,import,以积分上限为自变量的函数Φ(x)=∫ₐˣf(t)dt及其求导法则,,,,,,,,valid,,1,,2026-08-25T11:20:01.530176+00:00
247,244,2,高等数学,牛顿-莱布尼茨公式,4,1,import,微积分基本定理核心公式，将定积分计算转化为求原函数值差,,,,,,,,valid,,2,,2026-08-25T11:20:01.530176+00:00
248,238,2,高等数学,5.3 定积分的换元法和分部积分法,3,1,import,定积分计算的两种重要方法，换元时需同步变换积分上下限,,,,,,,,valid,,2,,2026-08-25T11:20:01.530176+00:00
249,248,2,高等数学,定积分的换元法,4,1,import,通过变量代换简化被积函数同时变换积分上下限,,,,,,,,valid,,0,,2026-08-25T11:20:01.530176+00:00
250,248,2,高等数学,定积分的分部积分法,4,1,import,利用乘积求导法则推导的定积分分部积分公式,,,,,,,,valid,,1,,2026-08-25T11:20:01.530176+00:00
251,238,2,高等数学,5.4 反常积分,3,1,import,积分区间无限或被积函数无界的积分概念及其收敛性判断,,,,,,,,valid,,3,,2026-08-25T11:20:01.530176+00:00
252,251,2,高等数学,无穷限的反常积分,4,1,import,积分区间为无穷的反常积分定义及p-判别法收敛性判定,,,,,,,,valid,,0,,2026-08-25T11:20:01.530176+00:00
253,251,2,高等数学,无界函数的反常积分,4,1,import,被积函数在有限点无界时的反常积分（瑕积分）定义及判定,,,,,,,,valid,,1,,2026-08-25T11:20:01.530176+00:00
254,,2,高等数学,第6章 定积分的应用,2,1,import,利用定积分解决几何和物理实际问题的理论和方法,,,,,,,,,,5,,2026-08-25T11:20:01.530176+00:00
255,254,2,高等数学,6.1 定积分的元素法,3,1,import,将实际问题转化为定积分的基本方法：分割、取微元、求和,,,,,,,,valid,,0,,2026-08-25T11:20:01.530176+00:00
256,254,2,高等数学,6.2 定积分在几何学上的应用,3,1,import,定积分在几何学上的应用是指利用定积分的元素法思想，将平面图形的面积、旋转体的体积、平面曲线的弧长等几何量表示为定积分并加以计算的方法。,,,,,,,,valid,,1,,2026-08-25T11:20:01.530176+00:00
257,256,2,高等数学,平面图形的面积,4,1,import,利用定积分计算由曲线围成的平面图形的面积,,,,,,,,valid,,0,,2026-08-25T11:20:01.530176+00:00
258,256,2,高等数学,体积,4,1,import,利用定积分计算旋转体体积和已知截面面积的立体体积,,,,,,,,valid,,1,,2026-08-25T11:20:01.530176+00:00
259,256,2,高等数学,平面曲线的弧长,4,1,import,"利用定积分计算平面曲线的弧长。对曲线y=f(x)在[a,b]上的弧长公式为∫√(1+[f'(x)]²)dx，参数方程形式为∫√([x'(t)]²+[y'(t)]²)dt。",,,,,,,,valid,,2,,2026-08-25T11:20:01.530176+00:00
260,254,2,高等数学,6.3 定积分在物理学上的应用,3,1,import,定积分在物理学上的应用是指利用定积分的元素法，将物理学中具有可加性的物理量（如变力沿直线所做的功、水压力、引力）通过分割、近似、求和、取极限的过程表示为定积分，从而计算其数值的方法。,,,,,,,,valid,,2,,2026-08-25T11:20:01.530176+00:00
261,260,2,高等数学,变力沿直线所做的功,4,1,import,利用定积分计算变力沿直线路径做的功,,,,,,,,valid,,0,,2026-08-25T11:20:01.530176+00:00
262,260,2,高等数学,水压力,4,1,import,利用定积分计算液体对平面薄板的压力,,,,,,,,valid,,1,,2026-08-25T11:20:01.530176+00:00
263,260,2,高等数学,引力,4,1,import,利用定积分计算质量分布对质点的引力,,,,,,,,valid,,2,,2026-08-25T11:20:01.530176+00:00
264,,2,高等数学,第7章 微分方程,2,1,import,研究含有未知函数及其导数的方程的理论与求解方法,,,,,,,,,,6,,2026-08-25T11:20:01.530176+00:00
265,264,2,高等数学,7.1 微分方程的基本概念,3,1,import,含有未知函数及其导数的方程称为微分方程,,,,,,,,valid,,0,,2026-08-25T11:20:01.530176+00:00
266,264,2,高等数学,7.2 可分离变量的微分方程,3,1,import,能化为g(y)dy=f(x)dx形式的一阶微分方程,,,,,,,,valid,,1,,2026-08-25T11:20:01.530176+00:00
267,264,2,高等数学,7.3 齐次方程,3,1,import,形如 dy/dx = f(y/x) 的一阶微分方程称为齐次方程，其右端函数可化为 y/x 的函数。通过变量代换 u = y/x（即 y = ux）将其化为可分离变量的方程求解。,,,,,,,,valid,,2,,2026-08-25T11:20:01.530176+00:00
268,267,2,高等数学,齐次方程,4,1,import,形如dy/dx=φ(y/x)的方程通过换元u=y/x化为可分离变量方程,,,,,,,,valid,,0,,2026-08-25T11:20:01.530176+00:00
269,264,2,高等数学,7.4 一阶线性微分方程,3,1,import,形如y'+P(x)y=Q(x)的一阶微分方程含齐次与非齐次两种情形,,,,,,,,valid,,3,,2026-08-25T11:20:01.530176+00:00
270,269,2,高等数学,线性方程,4,1,import,形如y'+P(x)y=Q(x)的标准一阶线性微分方程,,,,,,,,valid,,0,,2026-08-25T11:20:01.530176+00:00
271,264,2,高等数学,7.5 可降阶的高阶微分方程,3,1,import,通过适当代换将高阶方程降低阶数直至求解,,,,,,,,valid,,4,,2026-08-25T11:20:01.530176+00:00
272,271,2,高等数学,y^(n)=f(x)型的微分方程,4,1,import,右端仅含自变量x的n阶方程通过逐次积分求解,,,,,,,,valid,,0,,2026-08-25T11:20:01.530176+00:00
273,271,2,高等数学,"y''=f(x,y')型的微分方程",4,1,import,"y''=f(x,y')型的微分方程是右端不显含未知函数y的二阶微分方程。求解时令p=y'，则y''=p'，原方程化为关于p的一阶微分方程p'=f(x,p)，解出p(x)后再积分得y=∫p dx+C，从而求得通解。",,,,,,,,valid,,1,,2026-08-25T11:20:01.530176+00:00
274,271,2,高等数学,"y''=f(y,y')型的微分方程",4,1,import,"形如 y''=f(y,y') 的二阶微分方程，其右端函数不显含自变量 x。求解时令 p=y'，将 y 视为新的自变量，利用 y''=p(dp/dy) 将方程降阶为一阶微分方程，先解出 p=p(y,C1)，再积分 dy/dx=p(y,C1) 求得通解。",,,,,,,,valid,,2,,2026-08-25T11:20:01.530176+00:00
275,264,2,高等数学,7.6 高阶线性微分方程,3,1,import,形如y^(n)+a₁(x)y^(n-1)+…+aₙ(x)y=f(x)的n阶线性方程,,,,,,,,valid,,5,,2026-08-25T11:20:01.530176+00:00
276,275,2,高等数学,二阶线性微分方程举例,4,1,import,通过弹簧振动和RLC电路等物理模型引出二阶线性方程,,,,,,,,valid,,0,,2026-08-25T11:20:01.530176+00:00
277,275,2,高等数学,线性微分方程的解的结构,4,1,import,揭示齐次通解与非齐次特解之间的关系,,,,,,,,valid,,1,,2026-08-25T11:20:01.530176+00:00
278,275,2,高等数学,常数变易法,4,1,import,将齐次通解中任意常数变为待定函数以求非齐次方程特解,,,,,,,,valid,,2,,2026-08-25T11:20:01.530176+00:00
279,264,2,高等数学,7.7 常系数齐次线性微分方程,3,1,import,系数为常数的二阶齐次线性方程y''+py'+qy=0,,,,,,,,valid,,6,,2026-08-25T11:20:01.530176+00:00
280,264,2,高等数学,7.8 常系数非齐次线性微分方程,3,1,import,系数为常数的二阶非齐次线性方程y''+py'+qy=f(x)的特解求法,,,,,,,,valid,,7,,2026-08-25T11:20:01.530176+00:00
281,280,2,高等数学,f(x)=e^(λx)P_m(x)型,4,1,import,右端为指数函数与多项式乘积的非齐次项特解设法,,,,,,,,valid,,0,,2026-08-25T11:20:01.530176+00:00
282,280,2,高等数学,f(x)=e^(λx)[P_l(x)cosωx+Q_n(x)sinωx]型,4,1,import,右端为指数函数乘三角函数与多项式组合的非齐次项特解设法,,,,,,,,valid,,1,,2026-08-25T11:20:01.530176+00:00
283,,2,高等数学,第8章 多元函数微分法及其应用,2,1,import,研究多元函数的偏导数全微分及其应用的理论与方法,,,,,,,,,,7,,2026-08-25T11:20:01.530176+00:00
284,283,2,高等数学,8.1 多元函数的基本概念,3,1,import,"多元函数是自变量为两个或两个以上变量的函数。以二元函数z=f(x,y)为代表，它将平面点集D中的每一点(x,y)按对应法则f唯一对应到一个实数z，其中D称为定义域。多元函数的基本概念包括平面点集与区域、二重极限以及连续性等基础内容。",,,,,,,,valid,,0,,2026-08-25T11:20:01.530176+00:00
285,284,2,高等数学,平面点集 n维空间,4,1,import,"平面点集是平面R²中满足某种条件的点的全体所构成的集合；n维空间Rⁿ是n元有序实数组(x₁,x₂,…,xₙ)的全体构成的集合，其上定义了线性运算与两点间的距离ρ(x,y)=√((x₁-y₁)²+…+(xₙ-yₙ)²)，是讨论多元函数的基础空间。",,,,,,,,valid,,0,,2026-08-25T11:20:01.530176+00:00
286,284,2,高等数学,多元函数的概念,4,1,import,含有两个或两个以上自变量的函数及其定义域和值域,,,,,,,,valid,,1,,2026-08-25T11:20:01.530176+00:00
287,284,2,高等数学,多元函数的极限,4,1,import,二元函数在某点处的极限概念及与累次极限的区别,,,,,,,,valid,,2,,2026-08-25T11:20:01.530176+00:00
288,284,2,高等数学,多元函数的连续性,4,1,import,多元函数在某点连续及在区域上连续的定义与性质,,,,,,,,valid,,3,,2026-08-25T11:20:01.530176+00:00
289,283,2,高等数学,8.2 偏导数,3,1,import,多元函数对某一自变量求导而其余自变量视为常数的导数,,,,,,,,valid,,1,,2026-08-25T11:20:01.530176+00:00
290,289,2,高等数学,偏导数的定义及其计算法,4,1,import,偏导数的严格定义及直接法与公式法两种计算方法,,,,,,,,valid,,0,,2026-08-25T11:20:01.530176+00:00
291,289,2,高等数学,高阶偏导数,4,1,import,偏导数的偏导数即二阶及更高阶偏导数,,,,,,,,valid,,1,,2026-08-25T11:20:01.530176+00:00
292,283,2,高等数学,8.3 全微分,3,1,import,多元函数全增量的线性主部称为全微分,,,,,,,,valid,,2,,2026-08-25T11:20:01.530176+00:00
293,292,2,高等数学,全微分的定义,4,1,import,全微分dz=Adx+Bdy中A和B分别为对x和y的偏导数,,,,,,,,valid,,0,,2026-08-25T11:20:01.530176+00:00
294,283,2,高等数学,8.4 多元复合函数的求导法则,3,1,import,多元函数复合后的偏导数链式法则,,,,,,,,valid,,3,,2026-08-25T11:20:01.530176+00:00
295,283,2,高等数学,8.5 隐函数的求导公式,3,1,import,"由方程F(x,y,z)=0确定的隐函数z=f(x,y)的偏导数求解公式。利用偏导数公式∂z/∂x=-F_x/F_z，∂z/∂y=-F_y/F_z计算。",,,,,,,,valid,,4,,2026-08-25T11:20:01.530176+00:00
296,295,2,高等数学,一个方程的情形,4,1,import,"由单个方程F(x,y,z)=0确定隐函数z=f(x,y)的情形。需要满足F(x₀,y₀,z₀)=0且F_z≠0的条件。",,,,,,,,valid,,0,,2026-08-25T11:20:01.530176+00:00
297,295,2,高等数学,方程组的情形,4,1,import,由多个方程组成的方程组确定隐函数组的求导方法,,,,,,,,valid,,1,,2026-08-25T11:20:01.530176+00:00
298,283,2,高等数学,8.6 多元函数的极值及其求法,3,1,import,多元函数极值的判定方法及条件极值的拉格朗日乘数法,,,,,,,,valid,,5,,2026-08-25T11:20:01.530176+00:00
299,298,2,高等数学,多元函数的极值及最大值与最小值,4,1,import,求解多元函数极值和闭区域上最值的方法,,,,,,,,valid,,0,,2026-08-25T11:20:01.530176+00:00
300,298,2,高等数学,条件极值 拉格朗日乘数法,4,1,import,在附加条件限制下求函数极值的方法,,,,,,,,valid,,1,,2026-08-25T11:20:01.530176+00:00
301,,2,高等数学,第9章 二重积分,2,1,import,二元函数在平面区域上积分的理论与计算方法,,,,,,,,,,8,,2026-08-25T11:20:01.530176+00:00
302,301,2,高等数学,9.1 二重积分的概念与性质,3,1,import,二重积分的定义几何意义及基本性质,,,,,,,,valid,,0,,2026-08-25T11:20:01.530176+00:00
303,302,2,高等数学,二重积分的概念,4,1,import,二元函数在有界闭区域上积分和式的极限定义,,,,,,,,valid,,0,,2026-08-25T11:20:01.530176+00:00
304,302,2,高等数学,二重积分的性质,4,1,import,二重积分的线性性区域可加性估值定理和中值定理等基本性质,,,,,,,,valid,,1,,2026-08-25T11:20:01.530176+00:00
305,301,2,高等数学,9.2 二重积分的计算法,3,1,import,通过化为累次积分和坐标变换计算二重积分的方法,,,,,,,,valid,,1,,2026-08-25T11:20:01.530176+00:00
306,305,2,高等数学,利用直角坐标计算二重积分,4,1,import,将二重积分化为先y后x或先x后y的累次积分进行计算,,,,,,,,valid,,0,,2026-08-25T11:20:01.530176+00:00
307,305,2,高等数学,利用极坐标计算二重积分,4,1,import,利用极坐标变换将二重积分化为关于r和θ的累次积分,,,,,,,,valid,,1,,2026-08-25T11:20:01.530176+00:00
308,,6,计算机组成原理,第1章 计算机系统概论,2,1,import,计算机系统概述是全书的纲领性章节，介绍计算机系统的基本组成、层次结构及主要技术指标，为后续各章学习奠定基础。,,,,,,,,,,0,,2026-08-25T12:27:31.256963+00:00
309,308,6,计算机组成原理,1.1 计算机系统简介,3,1,import,介绍计算机系统的基本概念，包括软硬件的定义、计算机系统的层次结构以及计算机组成与体系结构的区别。,,,,,,,,valid,,0,,2026-08-25T12:27:31.256963+00:00
310,309,6,计算机组成原理,计算机的软硬件概念,4,1,import,计算机软件分为系统软件和应用软件两大类，系统软件包括操作系统、语言处理程序等，应用软件是为解决特定问题而编制的程序。,,,,,,,,valid,,0,,2026-08-25T12:27:31.257953+00:00
311,309,6,计算机组成原理,计算机系统的层次结构,4,1,import,计算机系统可划分为多个层次，从底层硬件到顶层应用程序，每一层向上一层提供服务，同时依赖下一层的支持。,,,,,,,,valid,,1,,2026-08-25T12:27:31.257953+00:00
312,309,6,计算机组成原理,计算机组成和计算机体系结构,4,1,import,计算机体系结构是程序员所见到的计算机属性，计算机组成是体系结构的逻辑实现，二者既有联系又有区别。,,,,,,,,valid,,2,,2026-08-25T12:27:31.257953+00:00
313,308,6,计算机组成原理,1.2 计算机的基本组成,3,1,import,介绍冯·诺依曼计算机的基本组成和工作原理，包括硬件框图和计算机的工作步骤。,,,,,,,,valid,,1,,2026-08-25T12:27:31.257953+00:00
314,313,6,计算机组成原理,冯·诺依曼计算机的特点,4,1,import,冯·诺依曼计算机以存储程序为核心思想，由运算器、控制器、存储器、输入设备和输出设备五大部件组成。,,,,,,,,valid,,0,,2026-08-25T12:27:31.257953+00:00
315,313,6,计算机组成原理,计算机的硬件框图,4,1,import,计算机硬件由五大部件组成，运算器执行算术逻辑运算，控制器指挥协调各部件工作，存储器存放指令和数据。,,,,,,,,valid,,1,,2026-08-25T12:27:31.257953+00:00
316,313,6,计算机组成原理,计算机的工作步骤,4,1,import,计算机工作时先取指令再执行指令，指令和数据均以二进制形式存储在存储器中，由控制器按序执行。,,,,,,,,valid,,2,,2026-08-25T12:27:31.257953+00:00
317,308,6,计算机组成原理,1.3 计算机硬件的主要技术指标,3,1,import,衡量计算机性能的主要技术指标包括机器字长、存储容量和运算速度，它们共同决定了计算机的处理能力。,,,,,,,,valid,,2,,2026-08-25T12:27:31.257953+00:00
318,317,6,计算机组成原理,机器字长,4,1,import,机器字长是指计算机一次能处理的二进制数据的位数，字长越长计算机的运算精度和处理能力越强。,,,,,,,,valid,,0,,2026-08-25T12:27:31.257953+00:00
319,317,6,计算机组成原理,存储容量,4,1,import,存储容量包括主存容量和辅存容量，主存容量通常用字数乘以字长表示，辅存容量则以字节数衡量。,,,,,,,,valid,,1,,2026-08-25T12:27:31.257953+00:00
320,317,6,计算机组成原理,运算速度,4,1,import,运算速度通常用MIPS（每秒百万条指令）或MFLOPS（每秒百万次浮点运算）衡量，不同指令所需时间不同影响速度计算。,,,,,,,,valid,,2,,2026-08-25T12:27:31.257953+00:00
321,308,6,计算机组成原理,1.4 本书结构,3,1,import,介绍全书各章节的组织结构和学习路径，为读者提供学习计算机组成原理的整体框架和导航。,,,,,,,,valid,,3,,2026-08-25T12:27:31.257953+00:00
322,,6,计算机组成原理,第2章 计算机的发展及应用,2,1,import,介绍计算机从诞生至今的发展历程、主要应用领域以及未来发展趋势，帮助理解计算机技术的演进脉络。,,,,,,,,,,1,,2026-08-25T12:27:31.257953+00:00
323,322,6,计算机组成原理,2.1 计算机的发展史,3,1,import,计算机发展经历了四代演变，从电子管到超大规模集成电路，每一代以核心器件的变革为标志。,,,,,,,,valid,,0,,2026-08-25T12:27:31.257953+00:00
324,323,6,计算机组成原理,计算机的产生和发展,4,1,import,1946年ENIAC诞生标志着电子计算机时代的开始，此后计算机经历了电子管、晶体管、集成电路和超大规模集成电路四个阶段。,,,,,,,,valid,,0,,2026-08-25T12:27:31.257953+00:00
325,323,6,计算机组成原理,微型计算机的出现和发展,4,1,import,微型计算机以微处理器为核心，大大降低了计算机的成本和体积，推动了计算机的普及和广泛应用。,,,,,,,,valid,,1,,2026-08-25T12:27:31.257953+00:00
326,323,6,计算机组成原理,软件技术的兴起和发展,4,1,import,软件技术从机器语言发展到高级语言，操作系统、数据库、网络软件等系统软件不断完善，推动了计算机应用的拓展。,,,,,,,,valid,,2,,2026-08-25T12:27:31.257953+00:00
327,322,6,计算机组成原理,2.2 计算机的应用,3,1,import,计算机应用涵盖科学计算、数据处理、工业控制、网络技术、人工智能等多个领域，是现代社会不可或缺的工具。,,,,,,,,valid,,1,,2026-08-25T12:27:31.257953+00:00
328,327,6,计算机组成原理,科学计算和数据处理,4,1,import,科学计算是计算机最早的应用领域，数据处理是对大量数据进行收集、存储、加工和传输的过程。,,,,,,,,valid,,0,,2026-08-25T12:27:31.257953+00:00
329,327,6,计算机组成原理,工业控制和实时控制,4,1,import,工业控制利用计算机对工业生产过程进行自动控制，实时控制要求系统在规定时间内对外部事件作出响应。,,,,,,,,valid,,1,,2026-08-25T12:27:31.257953+00:00
330,327,6,计算机组成原理,网络技术的应用,4,1,import,计算机网络将分布在不同地理位置的计算机互联，实现资源共享和信息传递，是现代信息社会的基础设施。,,,,,,,,valid,,2,,2026-08-25T12:27:31.257953+00:00
331,327,6,计算机组成原理,虚拟现实,4,1,import,虚拟现实技术利用计算机生成模拟环境，通过多感官交互使用户产生身临其境的感觉，广泛应用于教育和娱乐。,,,,,,,,valid,,3,,2026-08-25T12:27:31.257953+00:00
332,327,6,计算机组成原理,办公自动化和管理信息系统,4,1,import,办公自动化利用计算机技术提高办公效率，管理信息系统为企业管理提供数据支持和决策辅助。,,,,,,,,valid,,4,,2026-08-25T12:27:31.257953+00:00
333,327,6,计算机组成原理,CAD/CAM/CIMS,4,1,import,CAD是计算机辅助设计，CAM是计算机辅助制造，CIMS是计算机集成制造系统，三者代表了制造业信息化的不同层次。,,,,,,,,valid,,5,,2026-08-25T12:27:31.257953+00:00
334,327,6,计算机组成原理,多媒体技术,4,1,import,多媒体技术能够处理文本、图形、图像、音频和视频等多种信息媒体，是计算机应用的重要方向。,,,,,,,,valid,,6,,2026-08-25T12:27:31.257953+00:00
335,327,6,计算机组成原理,人工智能,4,1,import,人工智能研究如何使计算机模拟人类智能行为，包括机器学习、自然语言处理、计算机视觉等多个分支。,,,,,,,,valid,,7,,2026-08-25T12:27:31.257953+00:00
336,322,6,计算机组成原理,2.3 计算机的展望,3,1,import,计算机正朝着巨型化、微型化、网络化和智能化方向发展，新型计算机如量子计算机和生物计算机也在探索中。,,,,,,,,valid,,2,,2026-08-25T12:27:31.257953+00:00
337,,6,计算机组成原理,第3章 系统总线,2,1,import,总线是计算机各部件之间传输信息的公共通道，是连接CPU、存储器和I/O设备的核心通信机制。,,,,,,,,,,2,,2026-08-25T12:27:31.257953+00:00
338,337,6,计算机组成原理,3.1 总线的基本概念,3,1,import,总线是多个部件共享的传输线，由多条信号线组成，包括数据线、地址线和控制线。,,,,,,,,valid,,0,,2026-08-25T12:27:31.257953+00:00
339,337,6,计算机组成原理,3.2 总线的分类,3,1,import,总线按层次分为片内总线、系统总线和通信总线，各有不同的用途和特点。,,,,,,,,valid,,1,,2026-08-25T12:27:31.257953+00:00
340,339,6,计算机组成原理,片内总线,4,1,import,片内总线连接CPU内部各部件，如寄存器之间、ALU与寄存器之间的数据传输通道。,,,,,,,,valid,,0,,2026-08-25T12:27:31.257953+00:00
341,339,6,计算机组成原理,系统总线,4,1,import,系统总线连接CPU、主存和I/O接口，是计算机系统中最主要的总线，包括数据总线、地址总线和控制总线。,,,,,,,,valid,,1,,2026-08-25T12:27:31.257953+00:00
342,339,6,计算机组成原理,通信总线,4,1,import,通信总线用于计算机系统之间或计算机与外部设备之间的数据传输，如串行总线和并行总线。,,,,,,,,valid,,2,,2026-08-25T12:27:31.257953+00:00
343,337,6,计算机组成原理,3.3 总线特性及性能指标,3,1,import,总线具有物理特性、功能特性、电气特性和时间特性，性能指标包括总线宽度、传输率等。,,,,,,,,valid,,2,,2026-08-25T12:27:31.257953+00:00
344,343,6,计算机组成原理,总线特性,4,1,import,总线的物理特性指机械特性，功能特性定义每条线的功能，电气特性规定信号方向和电平，时间特性规定时序关系。,,,,,,,,valid,,0,,2026-08-25T12:27:31.257953+00:00
345,343,6,计算机组成原理,总线性能指标,4,1,import,总线性能指标包括总线带宽、总线位宽、总线工作频率等，决定了总线的数据传输能力。,,,,,,,,valid,,1,,2026-08-25T12:27:31.257953+00:00
346,343,6,计算机组成原理,总线标准,4,1,import,总线标准规定了总线的机械、电气和功能规范，如ISA、PCI、USB等标准保证了不同设备的兼容性。,,,,,,,,valid,,2,,2026-08-25T12:27:31.257953+00:00
347,337,6,计算机组成原理,3.4 总线结构,3,1,import,总线结构包括单总线和多总线结构，不同的总线结构影响计算机系统的性能和扩展性。,,,,,,,,valid,,3,,2026-08-25T12:27:31.257953+00:00
348,347,6,计算机组成原理,单总线结构,4,1,import,单总线结构使用一条总线连接所有部件，结构简单但总线争用严重，影响系统性能。,,,,,,,,valid,,0,,2026-08-25T12:27:31.257953+00:00
349,347,6,计算机组成原理,多总线结构,4,1,import,多总线结构使用多条总线连接不同层次的部件，通过总线桥接器连接，提高了系统并行度和性能。,,,,,,,,valid,,1,,2026-08-25T12:27:31.257953+00:00
350,347,6,计算机组成原理,总线结构举例,4,1,import,通过具体计算机系统的总线结构实例，分析不同总线的连接方式和数据传输路径。,,,,,,,,valid,,2,,2026-08-25T12:27:31.257953+00:00
351,337,6,计算机组成原理,3.5 总线控制,3,1,import,总线控制包括判优控制和通信控制，判优控制解决多个设备同时请求使用总线的问题，通信控制规定数据传输方式。,,,,,,,,valid,,4,,2026-08-25T12:27:31.257953+00:00
352,351,6,计算机组成原理,总线判优控制,4,1,import,总线判优控制解决多个主设备同时申请总线使用权时的仲裁问题，常用方法有集中式和分布式两种。,,,,,,,,valid,,0,,2026-08-25T12:27:31.257953+00:00
353,351,6,计算机组成原理,总线通信控制,4,1,import,总线通信控制规定数据传输的时序和方式，包括同步、异步和半同步三种通信方式。,,,,,,,,valid,,1,,2026-08-25T12:27:31.257953+00:00
354,,6,计算机组成原理,第4章 存储器,2,1,import,存储器是计算机的记忆部件，用于存放指令和数据，本章介绍存储器的分类、层次结构及工作原理。,,,,,,,,,,3,,2026-08-25T12:27:31.257953+00:00
355,354,6,计算机组成原理,4.1 概述,3,1,import,介绍存储器的分类方法、存储器的层次结构以及存储器在计算机系统中的地位和作用。,,,,,,,,valid,,0,,2026-08-25T12:27:31.257953+00:00
356,355,6,计算机组成原理,存储器分类,4,1,import,存储器按存储介质分为半导体、磁表面和光存储器，按存取方式分为RAM、ROM、SAM和CAM。,,,,,,,,valid,,0,,2026-08-25T12:27:31.257953+00:00
357,355,6,计算机组成原理,存储器的层次结构,4,1,import,存储器采用金字塔式层次结构，从快到慢依次为寄存器、Cache、主存、辅存，兼顾速度和容量。,,,,,,,,valid,,1,,2026-08-25T12:27:31.257953+00:00
358,354,6,计算机组成原理,4.2 主存储器,3,1,import,主存储器是CPU能直接访问的存储器，本节介绍主存的组成、半导体存储芯片及与CPU的连接。,,,,,,,,valid,,1,,2026-08-25T12:27:31.257953+00:00
359,358,6,计算机组成原理,概述,4,1,import,主存储器由存储体、MAR、MDR和读写电路组成，通过总线与CPU连接，是存储器层次结构的核心。,,,,,,,,valid,,0,,2026-08-25T12:27:31.257953+00:00
360,358,6,计算机组成原理,半导体存储芯片简介,4,1,import,半导体存储芯片利用半导体器件的导通和截止状态存储信息，分为RAM和ROM两大类。,,,,,,,,valid,,1,,2026-08-25T12:27:31.257953+00:00
361,358,6,计算机组成原理,随机存取存储器,4,1,import,RAM可随时读写任意存储单元，分为静态RAM（SRAM）和动态RAM（DRAM），断电后数据丢失。,,,,,,,,valid,,2,,2026-08-25T12:27:31.257953+00:00
362,358,6,计算机组成原理,只读存储器,4,1,import,ROM中的数据在制造时或使用前写入，只能读出不能写入，断电后数据不丢失，常用于存放固件。,,,,,,,,valid,,3,,2026-08-25T12:27:31.257953+00:00
363,358,6,计算机组成原理,存储器与CPU的连接,4,1,import,存储器通过地址总线、数据总线和控制总线与CPU连接，需要进行位扩展和字扩展以满足容量要求。,,,,,,,,valid,,4,,2026-08-25T12:27:31.257953+00:00
364,358,6,计算机组成原理,存储器的校验,4,1,import,存储器校验用于检测和纠正存储过程中的错误，常用的校验码有奇偶校验码和海明码。,,,,,,,,valid,,5,,2026-08-25T12:27:31.257953+00:00
365,358,6,计算机组成原理,提高访存速度的措施,4,1,import,提高访存速度可采用交叉存储、多体并行、高速缓存等技术，以减少CPU与主存之间的速度差距。,,,,,,,,valid,,6,,2026-08-25T12:27:31.257953+00:00
366,354,6,计算机组成原理,4.3 高速缓冲存储器,3,1,import,Cache位于CPU和主存之间，利用程序局部性原理，将近期可能访问的数据存放在Cache中以提高访问速度。,,,,,,,,valid,,2,,2026-08-25T12:27:31.257953+00:00
367,366,6,计算机组成原理,概述,4,1,import,Cache解决CPU与主存速度不匹配问题，利用程序的时间局部性和空间局部性提高访问效率。,,,,,,,,valid,,0,,2026-08-25T12:27:31.257953+00:00
368,366,6,计算机组成原理,Cache—主存地址映射,4,1,import,Cache与主存之间的地址映射有直接映射、全相联映射和组相联映射三种方式，决定了块的放置位置。,,,,,,,,valid,,1,,2026-08-25T12:27:31.257953+00:00
369,366,6,计算机组成原理,替换策略,4,1,import,当Cache满时需要替换块，常用替换策略有先进先出（FIFO）、最近最少使用（LRU）和随机替换。,,,,,,,,valid,,2,,2026-08-25T12:27:31.257953+00:00
370,354,6,计算机组成原理,4.4 辅助存储器,3,1,import,辅助存储器用于存放暂时不使用的数据和程序，容量大但速度慢，需要通过I/O接口与主机交换信息。,,,,,,,,valid,,3,,2026-08-25T12:27:31.257953+00:00
371,370,6,计算机组成原理,概述,4,1,import,辅助存储器存储容量大、成本低、断电不丢失数据，但存取速度慢，CPU不能直接访问。,,,,,,,,valid,,0,,2026-08-25T12:27:31.257953+00:00
372,370,6,计算机组成原理,磁记录原理和记录方式,4,1,import,磁记录利用磁性材料的磁化状态存储信息，记录方式包括归零制、不归零制和调频制等。,,,,,,,,valid,,1,,2026-08-25T12:27:31.257953+00:00
373,370,6,计算机组成原理,硬磁盘存储器,4,1,import,硬磁盘由磁头、磁盘片和控制电路组成，采用旋转存取方式，存取时间由寻道时间、旋转时间和传输时间组成。,,,,,,,,valid,,2,,2026-08-25T12:27:31.257953+00:00
374,370,6,计算机组成原理,软磁盘存储器,4,1,import,软磁盘是可移动的磁性存储介质，容量小、速度慢，曾广泛用于数据交换，现已基本被淘汰。,,,,,,,,valid,,3,,2026-08-25T12:27:31.257953+00:00
375,370,6,计算机组成原理,磁带存储器,4,1,import,磁带采用顺序存取方式，容量大、成本低，常用于数据备份和归档存储，但存取速度慢。,,,,,,,,valid,,4,,2026-08-25T12:27:31.257953+00:00
376,370,6,计算机组成原理,循环冗余校验码,4,1,import,CRC校验码通过多项式除法生成校验位，能够检测多位错误，广泛用于数据传输和存储的差错检测。,,,,,,,,valid,,5,,2026-08-25T12:27:31.257953+00:00
377,370,6,计算机组成原理,光盘存储器,4,1,import,光盘利用激光读写信息，有CD、DVD和蓝光等类型，容量大、成本低，常用于数据分发和归档。,,,,,,,,valid,,6,,2026-08-25T12:27:31.257953+00:00
378,,6,计算机组成原理,第5章 输入输出系统,2,1,import,输入输出系统负责计算机与外部设备之间的信息交换，本章介绍I/O系统的组成、接口和控制方式。,,,,,,,,,,4,,2026-08-25T12:27:31.257953+00:00
379,378,6,计算机组成原理,5.1 概述,3,1,import,介绍I/O系统的发展概况、组成结构以及I/O设备与主机之间的联系方式和控制方式。,,,,,,,,valid,,0,,2026-08-25T12:27:31.257953+00:00
380,379,6,计算机组成原理,输入输出系统的发展概况,4,1,import,I/O系统经历了从程序查询到中断再到DMA的发展过程，性能和效率不断提高。,,,,,,,,valid,,0,,2026-08-25T12:27:31.257953+00:00
381,379,6,计算机组成原理,输入输出系统的组成,4,1,import,I/O系统由I/O软件和I/O硬件组成，软件包括I/O指令和设备驱动程序，硬件包括接口和控制器。,,,,,,,,valid,,1,,2026-08-25T12:27:31.257953+00:00
382,379,6,计算机组成原理,I/O设备与主机的联系方式,4,1,import,I/O设备与主机的联系方式包括I/O方式和编址方式，决定了CPU如何识别和控制I/O设备。,,,,,,,,valid,,2,,2026-08-25T12:27:31.257953+00:00
383,379,6,计算机组成原理,I/O设备与主机信息传送的控制方式,4,1,import,信息传送控制方式有程序查询、程序中断和DMA三种，分别适用于不同速度要求的I/O设备。,,,,,,,,valid,,3,,2026-08-25T12:27:31.257953+00:00
384,378,6,计算机组成原理,5.2 I/O设备,3,1,import,介绍常见的输入设备、输出设备和其他I/O设备，以及多媒体技术在I/O设备中的应用。,,,,,,,,valid,,1,,2026-08-25T12:27:31.257953+00:00
385,384,6,计算机组成原理,概述,4,1,import,I/O设备是计算机与外界交互的桥梁，分为输入设备、输出设备和输入输出设备三大类。,,,,,,,,valid,,0,,2026-08-25T12:27:31.257953+00:00
386,384,6,计算机组成原理,输入设备,4,1,import,输入设备将外界信息转换为计算机能处理的数据，常见的有键盘、鼠标、扫描仪等。,,,,,,,,valid,,1,,2026-08-25T12:27:31.257953+00:00
387,384,6,计算机组成原理,输出设备,4,1,import,输出设备将计算机处理结果转换为人能识别的信息，常见的有显示器、打印机、绘图仪等。,,,,,,,,valid,,2,,2026-08-25T12:27:31.257953+00:00
388,384,6,计算机组成原理,其他I/O设备,4,1,import,除输入输出设备外，还有模数转换器（ADC）、数模转换器（DAC）等特殊I/O设备用于信号转换。,,,,,,,,valid,,3,,2026-08-25T12:27:31.257953+00:00
389,384,6,计算机组成原理,多媒体技术,4,1,import,多媒体技术使计算机能处理多种媒体信息，多媒体设备包括声卡、显卡、摄像头等。,,,,,,,,valid,,4,,2026-08-25T12:27:31.257953+00:00
390,378,6,计算机组成原理,5.3 I/O接口,3,1,import,接口是I/O设备与主机之间的桥梁，负责数据缓冲、格式转换和状态控制等功能。,,,,,,,,valid,,2,,2026-08-25T12:27:31.257953+00:00
391,390,6,计算机组成原理,概述,4,1,import,I/O接口位于I/O设备和主机之间，负责协调两者之间的数据传输和控制信号。,,,,,,,,valid,,0,,2026-08-25T12:27:31.257953+00:00
392,390,6,计算机组成原理,接口的功能和组成,4,1,import,接口具有数据缓冲、格式转换、状态控制和中断控制等功能，由数据端口、状态端口和控制端口组成。,,,,,,,,valid,,1,,2026-08-25T12:27:31.257953+00:00
393,390,6,计算机组成原理,接口类型,4,1,import,接口按数据传送方式分为并行接口和串行接口，按功能分为可编程接口和不可编程接口。,,,,,,,,valid,,2,,2026-08-25T12:27:31.257953+00:00
394,378,6,计算机组成原理,5.4 程序查询方式,3,1,import,程序查询方式是CPU主动查询I/O设备状态并进行数据传送的方式，实现简单但效率低。,,,,,,,,valid,,3,,2026-08-25T12:27:31.257953+00:00
395,394,6,计算机组成原理,程序查询流程,4,1,import,程序查询流程包括读取I/O状态、判断是否就绪、传送数据等步骤，CPU在查询期间处于等待状态。,,,,,,,,valid,,0,,2026-08-25T12:27:31.257953+00:00
396,394,6,计算机组成原理,程序查询方式的接口电路,4,1,import,程序查询接口电路包括状态寄存器、数据缓冲寄存器和控制逻辑，实现CPU与I/O设备的查询式数据交换。,,,,,,,,valid,,1,,2026-08-25T12:27:31.257953+00:00
397,378,6,计算机组成原理,5.5 程序中断方式,3,1,import,程序中断方式允许CPU在I/O操作期间执行其他任务，I/O完成后通过中断通知CPU，提高了CPU利用率。,,,,,,,,valid,,4,,2026-08-25T12:27:31.257953+00:00
398,397,6,计算机组成原理,中断的概念,4,1,import,中断是指CPU暂停当前程序转去处理紧急事件，处理完后返回原程序继续执行，是提高系统效率的重要机制。,,,,,,,,valid,,0,,2026-08-25T12:27:31.257953+00:00
399,397,6,计算机组成原理,I/O中断的产生,4,1,import,I/O中断在I/O操作完成或出错时产生，通知CPU进行相应处理，是I/O控制的重要手段。,,,,,,,,valid,,1,,2026-08-25T12:27:31.257953+00:00
400,397,6,计算机组成原理,程序中断方式的接口电路,4,1,import,程序中断接口电路包括中断请求逻辑、中断屏蔽逻辑和中断判优逻辑，实现中断的请求和响应控制。,,,,,,,,valid,,2,,2026-08-25T12:27:31.257953+00:00
401,397,6,计算机组成原理,I/O中断处理过程,4,1,import,I/O中断处理包括中断请求、中断响应、保护现场、中断服务和恢复现场等步骤，确保正确处理和返回。,,,,,,,,valid,,3,,2026-08-25T12:27:31.257953+00:00
402,397,6,计算机组成原理,中断服务程序的流程,4,1,import,中断服务程序包括保护现场、中断服务、恢复现场和中断返回四个阶段，每个阶段都有特定的操作要求。,,,,,,,,valid,,4,,2026-08-25T12:27:31.257953+00:00
403,378,6,计算机组成原理,5.6 DMA方式,3,1,import,DMA方式允许I/O设备直接与主存交换数据，不需要CPU参与，大大提高了数据传输效率。,,,,,,,,valid,,5,,2026-08-25T12:27:31.257953+00:00
404,403,6,计算机组成原理,DMA方式的特点,4,1,import,DMA方式的特点包括：数据传输不经过CPU、传输速度快、CPU在传输期间可执行其他任务，适合大批量数据传输。,,,,,,,,valid,,0,,2026-08-25T12:27:31.257953+00:00
405,403,6,计算机组成原理,DMA接口的功能和组成,4,1,import,DMA接口负责I/O设备与主存之间的直接数据传输，包括地址寄存器、数据寄存器和控制逻辑等部件。,,,,,,,,valid,,1,,2026-08-25T12:27:31.257953+00:00
406,403,6,计算机组成原理,DMA的工作过程,4,1,import,DMA工作过程包括预处理、数据传送和后处理三个阶段，数据传送阶段由DMA控制器控制总线完成。,,,,,,,,valid,,2,,2026-08-25T12:27:31.257953+00:00
407,403,6,计算机组成原理,DMA接口的类型,4,1,import,DMA接口按组织方式分为选择型和多路型，选择型适合高速设备，多路型适合多个低速设备共享。,,,,,,,,valid,,3,,2026-08-25T12:27:31.257953+00:00
408,,6,计算机组成原理,第6章 计算机的运算方法,2,1,import,计算机的运算方法是研究计算机中数据的表示方法、运算规则及其实现技术，包括定点数和浮点数的算术逻辑运算。,,,,,,,,,,5,,2026-08-25T12:27:31.257953+00:00
409,408,6,计算机组成原理,6.1 无符号数和有符号数,3,1,import,无符号数和有符号数是计算机中数值数据的两大分类，有符号数需要处理符号位和数值位的表示问题。,,,,,,,,valid,,0,,2026-08-25T12:27:31.257953+00:00
410,409,6,计算机组成原理,无符号数,4,1,import,无符号数是计算机中不使用符号位的数值表示方法，所有二进制位均用于表示数值大小，常用于地址和逻辑运算。,,,,,,,,valid,,0,,2026-08-25T12:27:31.257953+00:00
411,409,6,计算机组成原理,有符号数,4,1,import,有符号数是用符号位和数值位共同表示的带符号数值，符号位0表示正数1表示负数，有原码、补码、反码三种主要表示形式。,,,,,,,,valid,,1,,2026-08-25T12:27:31.257953+00:00
412,408,6,计算机组成原理,6.2 数的定点表示和浮点表示,3,1,import,定点表示和浮点表示是计算机中数值的两种基本表示形式，定点数小数点位置固定，浮点数小数点位置可变。,,,,,,,,valid,,1,,2026-08-25T12:27:31.257953+00:00
413,412,6,计算机组成原理,定点表示,4,1,import,定点表示是将小数点固定在某个位置的数值表示方法，分为定点整数（小数点在末尾）和定点小数（小数点在符号位之后）两种形式。,,,,,,,,valid,,0,,2026-08-25T12:27:31.257953+00:00
414,412,6,计算机组成原理,浮点表示,4,1,import,浮点表示是用阶码和尾数共同表示数值的方法，小数点位置随阶码变化而浮动，可表示很大范围的数值。,,,,,,,,valid,,1,,2026-08-25T12:27:31.257953+00:00
415,412,6,计算机组成原理,定点数和浮点数的比较,4,1,import,定点数和浮点数在表示范围、精度、运算速度和硬件复杂度等方面存在显著差异，各有适用场景。,,,,,,,,valid,,2,,2026-08-25T12:27:31.257953+00:00
416,412,6,计算机组成原理,举例,4,1,import,通过具体数值示例演示定点数和浮点数的表示方法，加深对不同编码方式和表示形式的理解。,,,,,,,,valid,,3,,2026-08-25T12:27:31.257953+00:00
417,412,6,计算机组成原理,IEEE 754标准,4,1,import,IEEE 754是浮点数表示的国际标准，定义了单精度(32位)和双精度(64位)格式，采用隐含位技术提高表示效率。,,,,,,,,valid,,4,,2026-08-25T12:27:31.257953+00:00
418,408,6,计算机组成原理,6.3 定点运算,3,1,import,定点运算是对定点表示的数值进行的算术和逻辑运算，包括移位、加减、乘除等基本操作，是计算机运算器的核心功能。,,,,,,,,valid,,2,,2026-08-25T12:27:31.257953+00:00
419,418,6,计算机组成原理,移位运算,4,1,import,移位运算是将数据的所有位按指定方向移动若干位的操作，分为逻辑移位和算术移位，是实现乘除法的基础。,,,,,,,,valid,,0,,2026-08-25T12:27:31.257953+00:00
420,418,6,计算机组成原理,加法与减法运算,4,1,import,定点加减运算是计算机最基本的操作，通过补码加法统一加减运算，需处理进位和溢出检测。,,,,,,,,valid,,1,,2026-08-25T12:27:31.257953+00:00
421,418,6,计算机组成原理,乘法运算,4,1,import,定点乘法运算包括原码乘法和补码乘法（Booth算法），通过移位和加法的组合实现乘法操作。,,,,,,,,valid,,2,,2026-08-25T12:27:31.257953+00:00
422,418,6,计算机组成原理,除法运算,4,1,import,定点除法运算包括恢复余数法和不恢复余数法（加减交替法），通过移位和减法实现除法操作。,,,,,,,,valid,,3,,2026-08-25T12:27:31.257953+00:00
423,408,6,计算机组成原理,6.4 浮点四则运算,3,1,import,浮点四则运算包括浮点数的加减乘除操作，需要处理阶码对齐、尾数运算和规格化等特殊步骤。,,,,,,,,valid,,3,,2026-08-25T12:27:31.257953+00:00
424,423,6,计算机组成原理,浮点加减运算,4,1,import,浮点加减运算需要先对阶（小阶向大阶看齐），然后尾数相加减，最后规格化并处理舍入。,,,,,,,,valid,,0,,2026-08-25T12:27:31.257953+00:00
425,423,6,计算机组成原理,浮点乘除法运算,4,1,import,浮点乘除法运算阶码相加减、尾数相乘除，结果需要规格化处理，运算规则比加减法简单。,,,,,,,,valid,,1,,2026-08-25T12:27:31.257953+00:00
426,423,6,计算机组成原理,浮点运算所需的硬件配置,4,1,import,浮点运算需要专用硬件支持，包括阶码运算器、尾数运算器、规格化检测电路和舍入控制逻辑。,,,,,,,,valid,,2,,2026-08-25T12:27:31.257953+00:00
427,408,6,计算机组成原理,6.5 算术逻辑单元,3,1,import,算术逻辑单元（ALU）是执行算术运算和逻辑运算的核心部件，是CPU运算器的主要组成部分。,,,,,,,,valid,,4,,2026-08-25T12:27:31.257953+00:00
428,427,6,计算机组成原理,ALU电路,4,1,import,ALU电路是实现算术逻辑运算的组合逻辑电路，通过功能选择信号控制执行加减、与或非等不同操作。,,,,,,,,valid,,0,,2026-08-25T12:27:31.257953+00:00
429,427,6,计算机组成原理,快速进位链,4,1,import,快速进位链是为解决串行进位速度慢的问题而设计的并行进位技术，包括超前进位和分组进位等方法。,,,,,,,,valid,,1,,2026-08-25T12:27:31.257953+00:00
430,,6,计算机组成原理,第7章 指令系统,2,1,import,指令系统是计算机硬件与软件之间的接口，定义了机器所能执行的全部指令集合，是指令集架构（ISA）的核心。,,,,,,,,,,6,,2026-08-25T12:27:31.257953+00:00
431,430,6,计算机组成原理,7.1 机器指令,3,1,import,机器指令是计算机硬件能直接识别和执行的命令，由操作码和地址码组成，规定了操作类型和操作数来源。,,,,,,,,valid,,0,,2026-08-25T12:27:31.257953+00:00
432,431,6,计算机组成原理,指令的一般格式,4,1,import,指令的一般格式包括操作码字段和地址码字段，操作码指明操作类型，地址码指明操作数地址或下一条指令地址。,,,,,,,,valid,,0,,2026-08-25T12:27:31.257953+00:00
433,431,6,计算机组成原理,指令字长,4,1,import,指令字长是指指令所占的二进制位数，分为固定字长和可变字长两种，影响指令系统的规整性和编码效率。,,,,,,,,valid,,1,,2026-08-25T12:27:31.257953+00:00
434,430,6,计算机组成原理,7.2 操作数类型和操作类型,3,1,import,操作数类型指指令处理的数据类型，操作类型指指令执行的功能类别，两者共同决定指令的行为。,,,,,,,,valid,,1,,2026-08-25T12:27:31.257953+00:00
435,434,6,计算机组成原理,操作数类型,4,1,import,操作数类型包括地址、标量数据、向量数据和字符串等，不同类型数据需要不同的处理方式和存储格式。,,,,,,,,valid,,0,,2026-08-25T12:27:31.257953+00:00
436,434,6,计算机组成原理,数据在存储器中的存放方式,4,1,import,数据在存储器中的存放方式包括大端模式和小端模式，影响多字节数据的存储顺序和跨平台兼容性。,,,,,,,,valid,,1,,2026-08-25T12:27:31.257953+00:00
437,434,6,计算机组成原理,操作类型,4,1,import,操作类型包括算术运算、逻辑运算、移位操作、控制转移和数据传送等，是指令功能的分类。,,,,,,,,valid,,2,,2026-08-25T12:27:31.257953+00:00
438,430,6,计算机组成原理,7.3 寻址方式,3,1,import,寻址方式是指确定操作数地址或下一条指令地址的方法，是指令系统设计的核心内容，影响程序的灵活性和效率。,,,,,,,,valid,,2,,2026-08-25T12:27:31.257953+00:00
439,438,6,计算机组成原理,指令寻址,4,1,import,指令寻址是确定下一条指令地址的方法，包括顺序寻址（PC+1）和跳跃寻址（转移指令修改PC值）。,,,,,,,,valid,,0,,2026-08-25T12:27:31.257953+00:00
440,438,6,计算机组成原理,数据寻址,4,1,import,数据寻址是确定操作数实际地址的方法，有立即、直接、间接、寄存器、基址、变址、相对等多种方式。,,,,,,,,valid,,1,,2026-08-25T12:27:31.257953+00:00
441,430,6,计算机组成原理,7.4 指令格式举例,3,1,import,通过具体指令格式实例分析指令系统的设计方法，加深对操作码、地址码和寻址方式的理解。,,,,,,,,valid,,3,,2026-08-25T12:27:31.257953+00:00
442,441,6,计算机组成原理,设计指令格式应考虑的各种因素,4,1,import,设计指令格式需考虑操作码长度、地址码数量、寻址方式、指令字长、兼容性、译码复杂度等多种因素。,,,,,,,,valid,,0,,2026-08-25T12:27:31.257953+00:00
443,441,6,计算机组成原理,指令格式举例,4,1,import,通过典型指令格式实例分析操作码编码、地址码设计和寻址方式选择的实际应用。,,,,,,,,valid,,1,,2026-08-25T12:27:31.257953+00:00
444,441,6,计算机组成原理,指令格式设计举例,4,1,import,通过具体设计实例演示指令格式的设计过程，包括需求分析、格式确定和优化调整。,,,,,,,,valid,,2,,2026-08-25T12:27:31.257953+00:00
445,430,6,计算机组成原理,7.5 RISC技术,3,1,import,RISC（精简指令集计算机）是一种指令系统设计思想，通过简化指令集提高处理器性能和效率。,,,,,,,,valid,,4,,2026-08-25T12:27:31.257953+00:00
446,445,6,计算机组成原理,RISC的产生和发展,4,1,import,RISC技术源于对CISC复杂性的反思，通过简化指令提高执行效率，从伯克利RISC到商业处理器的发展历程。,,,,,,,,valid,,0,,2026-08-25T12:27:31.257953+00:00
447,445,6,计算机组成原理,RISC的主要特征,4,1,import,RISC的主要特征包括指令长度固定、寻址方式简单、寄存器数量多、硬布线控制、高效流水线等。,,,,,,,,valid,,1,,2026-08-25T12:27:31.257953+00:00
448,445,6,计算机组成原理,RISC和CISC的比较,4,1,import,RISC和CISC是指令系统的两大设计理念，在指令数量、复杂度、性能、成本等方面存在显著差异。,,,,,,,,valid,,2,,2026-08-25T12:27:31.257953+00:00
449,,6,计算机组成原理,第8章 CPU的结构和功能,2,1,import,CPU的结构和功能研究处理器的内部组成、工作原理和指令执行过程，是指令流水和中断系统的基础。,,,,,,,,,,7,,2026-08-25T12:27:31.257953+00:00
450,449,6,计算机组成原理,8.1 CPU的结构,3,1,import,CPU由运算器、控制器和寄存器组等部件组成，负责指令的取指、译码和执行。,,,,,,,,valid,,0,,2026-08-25T12:27:31.257953+00:00
451,450,6,计算机组成原理,CPU的功能,4,1,import,CPU的功能包括指令控制（程序顺序执行）、操作控制（微命令生成）、时间控制（时序控制）和数据处理（算术逻辑运算）。,,,,,,,,valid,,0,,2026-08-25T12:27:31.257953+00:00
452,450,6,计算机组成原理,CPU结构框图,4,1,import,CPU结构框图展示运算器、控制器、寄存器组和内部总线的连接关系，反映数据通路和控制信号的流向。,,,,,,,,valid,,1,,2026-08-25T12:27:31.257953+00:00
453,450,6,计算机组成原理,CPU的寄存器,4,1,import,CPU寄存器包括数据寄存器、地址寄存器、控制寄存器和状态寄存器等，用于暂存指令、数据和地址信息。,,,,,,,,valid,,2,,2026-08-25T12:27:31.257953+00:00
454,450,6,计算机组成原理,控制单元和中断系统,4,1,import,控制单元负责生成微操作命令序列控制指令执行，中断系统处理外部异步事件，两者是CPU的核心控制部件。,,,,,,,,valid,,3,,2026-08-25T12:27:31.257953+00:00
455,449,6,计算机组成原理,8.2 指令周期,3,1,import,指令周期是CPU取出并执行一条指令所需的全部时间，包括取指、间址、执行和中断四个子周期。,,,,,,,,valid,,1,,2026-08-25T12:27:31.257953+00:00
456,455,6,计算机组成原理,指令周期的基本概念,4,1,import,指令周期是完成一条指令所需的时间，由取指、间址、执行和中断四个机器周期组成，每个周期完成特定操作。,,,,,,,,valid,,0,,2026-08-25T12:27:31.257953+00:00
457,455,6,计算机组成原理,指令周期的数据流,4,1,import,指令周期的数据流描述取指、间址、执行和中断各阶段数据在CPU内部和与存储器之间的传输路径。,,,,,,,,valid,,1,,2026-08-25T12:27:31.257953+00:00
458,449,6,计算机组成原理,8.3 指令流水,3,1,import,指令流水是将指令执行过程分成多个阶段，多条指令重叠执行的技术，可显著提高CPU吞吐率。,,,,,,,,valid,,2,,2026-08-25T12:27:31.257953+00:00
459,458,6,计算机组成原理,指令流水原理,4,1,import,指令流水将指令执行分为取指、译码、执行、访存、写回等阶段，各阶段由独立硬件完成，实现指令重叠执行。,,,,,,,,valid,,0,,2026-08-25T12:27:31.257953+00:00
460,458,6,计算机组成原理,影响流水线性能的因素,4,1,import,影响流水线性能的因素包括结构冲突（资源竞争）、数据冲突（数据相关）和控制冲突（分支相关）。,,,,,,,,valid,,1,,2026-08-25T12:27:31.257953+00:00
461,458,6,计算机组成原理,流水线性能,4,1,import,流水线性能通过吞吐率、加速比和效率三个指标衡量，反映流水线的并行处理能力和资源利用效率。,,,,,,,,valid,,2,,2026-08-25T12:27:31.257953+00:00
462,458,6,计算机组成原理,流水线中的多发技术,4,1,import,流水线多发技术包括超标量、超长指令字和超流水线，通过在一个时钟周期内发射多条指令进一步提高性能。,,,,,,,,valid,,3,,2026-08-25T12:27:31.257953+00:00
463,458,6,计算机组成原理,流水线结构,4,1,import,流水线结构包括指令流水线和运算流水线，有线性流水线和非线性流水线两种基本形式。,,,,,,,,valid,,4,,2026-08-25T12:27:31.257953+00:00
464,449,6,计算机组成原理,8.4 中断系统,3,1,import,中断系统是CPU处理外部异步事件的机制，包括中断请求、中断判优、中断响应、中断服务和中断返回等过程。,,,,,,,,valid,,3,,2026-08-25T12:27:31.257953+00:00
465,464,6,计算机组成原理,概述,4,1,import,中断系统概述介绍中断的基本概念、分类、中断源和中断处理的一般过程，是深入学习中断机制的基础。,,,,,,,,valid,,0,,2026-08-25T12:27:31.257953+00:00
466,464,6,计算机组成原理,中断请求标记和中断判优逻辑,4,1,import,中断请求标记记录各中断源的请求状态，中断判优逻辑确定多个同时中断请求的响应优先级。,,,,,,,,valid,,1,,2026-08-25T12:27:31.257953+00:00
467,464,6,计算机组成原理,中断服务程序入口地址的寻找,4,1,import,中断服务程序入口地址的寻找有硬件向量法和软件查询法两种，硬件向量法通过中断向量表快速定位。,,,,,,,,valid,,2,,2026-08-25T12:27:31.257953+00:00
468,464,6,计算机组成原理,中断响应,4,1,import,中断响应是CPU在满足条件时接受中断请求的过程，需在适当时机响应并保存断点和现场信息。,,,,,,,,valid,,3,,2026-08-25T12:27:31.257953+00:00
469,464,6,计算机组成原理,保护现场和恢复现场,4,1,import,保护现场是将中断前的CPU状态（寄存器、标志位等）保存到堆栈或特定区域，恢复现场是中断返回前恢复这些状态。,,,,,,,,valid,,4,,2026-08-25T12:27:31.257953+00:00
470,464,6,计算机组成原理,中断屏蔽技术,4,1,import,中断屏蔽技术通过设置中断屏蔽字控制中断的响应，实现中断优先级的动态调整和中断嵌套的灵活控制。,,,,,,,,valid,,5,,2026-08-25T12:27:31.257953+00:00
471,,6,计算机组成原理,第9章 控制单元的功能,2,1,import,控制单元的功能是分析指令并发出微操作命令序列，控制数据通路完成指令的取指和执行过程。,,,,,,,,,,8,,2026-08-25T12:27:31.257953+00:00
472,471,6,计算机组成原理,9.1 微操作命令的分析,3,1,import,微操作命令是控制数据通路中各部件操作的最基本控制信号，需要按指令周期的各阶段进行分析。,,,,,,,,valid,,0,,2026-08-25T12:27:31.257953+00:00
473,472,6,计算机组成原理,取指周期,4,1,import,取指周期完成从存储器取出指令并送入IR，同时PC自增指向下一条指令，是指令执行的起始阶段。,,,,,,,,valid,,0,,2026-08-25T12:27:31.257953+00:00
474,472,6,计算机组成原理,间址周期,4,1,import,间址周期完成间接寻址操作，从存储器取出有效地址，是指令执行中地址计算的关键阶段。,,,,,,,,valid,,1,,2026-08-25T12:27:31.257953+00:00
475,472,6,计算机组成原理,执行周期,4,1,import,执行周期根据指令类型完成具体操作，包括算术逻辑运算、数据传送、控制转移等，是最复杂的阶段。,,,,,,,,valid,,2,,2026-08-25T12:27:31.257953+00:00
476,472,6,计算机组成原理,中断周期,4,1,import,中断周期在指令执行完毕后响应中断请求，完成保存断点、关中断、转中断服务程序入口等操作。,,,,,,,,valid,,3,,2026-08-25T12:27:31.257953+00:00
477,471,6,计算机组成原理,9.2 控制单元的功能,3,1,import,控制单元负责接收指令译码信号，结合时序信号发出微操作命令序列，控制数据通路完成指令执行。,,,,,,,,valid,,1,,2026-08-25T12:27:31.257953+00:00
478,477,6,计算机组成原理,控制单元的外特性,4,1,import,控制单元的外特性包括输入信号（指令、状态、时序）、输出信号（微操作命令）和控制信号的时序关系。,,,,,,,,valid,,0,,2026-08-25T12:27:31.257953+00:00
479,477,6,计算机组成原理,控制信号举例,4,1,import,通过具体指令的执行过程展示控制信号的生成和时序，加深对控制单元功能的理解。,,,,,,,,valid,,1,,2026-08-25T12:27:31.257953+00:00
480,477,6,计算机组成原理,多级时序系统,4,1,import,多级时序系统由机器周期、时钟周期和节拍组成，为控制单元提供精确的时序基准，控制微操作的执行顺序。,,,,,,,,valid,,2,,2026-08-25T12:27:31.257953+00:00
481,477,6,计算机组成原理,控制方式,4,1,import,控制方式包括同步控制、异步控制和联合控制，决定微操作命令的时序配合和数据通路的工作方式。,,,,,,,,valid,,3,,2026-08-25T12:27:31.257953+00:00
482,477,6,计算机组成原理,多级时序系统实例分析,4,1,import,通过具体CPU实例分析多级时序系统的组成和工作原理，加深对时序控制的理解。,,,,,,,,valid,,4,,2026-08-25T12:27:31.257953+00:00
483,,6,计算机组成原理,第10章 控制单元的设计,2,1,import,控制单元的设计方法包括组合逻辑设计和微程序设计两种，是指令系统与硬件实现之间的桥梁。,,,,,,,,,,9,,2026-08-25T12:27:31.257953+00:00
484,483,6,计算机组成原理,10.1 组合逻辑设计,3,1,import,组合逻辑设计是用门电路和触发器等组合逻辑电路直接实现控制信号的生成，速度快但设计复杂。,,,,,,,,valid,,0,,2026-08-25T12:27:31.257953+00:00
485,484,6,计算机组成原理,组合逻辑控制单元框图,4,1,import,组合逻辑控制单元框图展示输入信号（指令/状态/时序）、组合逻辑电路和输出信号（微操作命令）的连接关系。,,,,,,,,valid,,0,,2026-08-25T12:27:31.257953+00:00
486,484,6,计算机组成原理,微操作的节拍安排,4,1,import,微操作的节拍安排是确定各微操作命令在时钟周期内的执行顺序和时序配合，是组合逻辑设计的关键步骤。,,,,,,,,valid,,1,,2026-08-25T12:27:31.257953+00:00
487,484,6,计算机组成原理,组合逻辑设计步骤,4,1,import,组合逻辑设计包括列出微操作序列、安排节拍、写出逻辑表达式、化简和电路实现等步骤。,,,,,,,,valid,,2,,2026-08-25T12:27:31.257953+00:00
488,483,6,计算机组成原理,10.2 微程序设计,3,1,import,微程序设计是用微程序代替组合逻辑电路实现控制单元，将微操作命令序列编成微程序存储在控制存储器中。,,,,,,,,valid,,1,,2026-08-25T12:27:31.257953+00:00
489,488,6,计算机组成原理,微程序设计思想的产生,4,1,import,微程序设计思想由Wilkes于1951年提出，用存储程序的概念实现控制逻辑，解决了组合逻辑设计的复杂性问题。,,,,,,,,valid,,0,,2026-08-25T12:27:31.257953+00:00
490,488,6,计算机组成原理,微程序控制单元框图及工作原理,4,1,import,微程序控制单元通过控制存储器存放微程序，通过微地址寄存器和微指令寄存器协调工作，完成指令执行。,,,,,,,,valid,,1,,2026-08-25T12:27:31.257953+00:00
491,488,6,计算机组成原理,微指令的编码方式,4,1,import,微指令的编码方式决定微命令字段的组织形式，包括直接编码、字段直接编码、字段间接编码和混合编码。,,,,,,,,valid,,2,,2026-08-25T12:27:31.257953+00:00
492,488,6,计算机组成原理,微指令序列地址的形成,4,1,import,微指令序列地址的形成方式包括增量方式、下地址字段、增量计数器和多路转移等，决定微程序的执行顺序。,,,,,,,,valid,,3,,2026-08-25T12:27:31.257953+00:00
493,488,6,计算机组成原理,微指令格式,4,1,import,微指令格式决定微指令的位数和字段组织，分为水平型微指令（字长齐全）和垂直型微指令（类似机器指令）。,,,,,,,,valid,,4,,2026-08-25T12:27:31.257953+00:00
494,488,6,计算机组成原理,静态微程序设计和动态微程序设计,4,1,import,静态微程序设计中微程序固定在控制存储器中不可修改，动态微程序设计可通过加载微程序改变控制逻辑。,,,,,,,,valid,,5,,2026-08-25T12:27:31.257953+00:00
495,488,6,计算机组成原理,毫微程序设计,4,1,import,毫微程序设计是二级微程序设计，毫微指令控制微指令的执行，用于实现更复杂的控制逻辑和指令系统仿真。,,,,,,,,valid,,6,,2026-08-25T12:27:31.257953+00:00
496,488,6,计算机组成原理,串行微程序控制和并行微程序控制,4,1,import,串行微程序控制中微指令顺序执行，并行微程序控制允许多条微指令同时执行，提高控制单元效率。,,,,,,,,valid,,7,,2026-08-25T12:27:31.258954+00:00
497,488,6,计算机组成原理,微程序设计举例,4,1,import,通过具体CPU指令集的微程序设计实例，展示微程序设计的完整过程和实际应用。,,,,,,,,valid,,8,,2026-08-25T12:27:31.258954+00:00
498,,4,计算机网络,第1章 概述,2,1,import,,,,,,,,,,,0,,2026-08-25T13:05:43.261130+00:00
499,498,4,计算机网络,1.1 计算机网络在信息时代中的作用,3,1,import,计算机网络是信息社会的基础设施，实现全球范围内资源共享和信息传递，支撑互联网+、大数据、云计算等应用,,,,,,,,valid,,0,,2026-08-25T13:05:43.261130+00:00
500,498,4,计算机网络,1.2 互联网概述,3,1,import,互联网是由全球大量计算机网络互连而成的覆盖全球的网络集合，其核心是TCP/IP协议族,,,,,,,,valid,,1,,2026-08-25T13:05:43.261130+00:00
501,500,4,计算机网络,1.2.1 网络的网络,4,1,import,"互联网是""网络的网络""，即由多个计算机网络通过路由器等互连设备相互连接而成的覆盖范围更大的网络。网络由若干结点和连接这些结点的链路组成，网络中的计算机称为主机。",,,,,,,,valid,,0,,2026-08-25T13:05:43.261130+00:00
502,500,4,计算机网络,1.2.2 互联网基础结构发展的三个阶段,4,1,import,互联网基础结构发展的三个阶段是指互联网从最初单个ARPANET网络，经1983年TCP/IP协议成为标准协议后向互联网络发展，继而建成由主干网、地区网、校园网（或企业网）组成的三级结构互联网，最终演变为多层次ISP（互联网服务提供者）结构的演进过程。,,,,,,,,valid,,1,,2026-08-25T13:05:43.261130+00:00
503,500,4,计算机网络,1.2.3 互联网的标准化工作,4,1,import,互联网的标准化工作是指由互联网工程任务组（IETF）等组织通过RFC（Request For Comments）文档形式制定、发布和维护互联网技术标准的过程。互联网标准具有开放性，任何个人或组织均可参与标准的制定和讨论。,,,,,,,,valid,,2,,2026-08-25T13:05:43.261130+00:00
504,498,4,计算机网络,1.3 互联网的组成,3,1,import,互联网的组成可从工作方式上划分为边缘部分和核心部分。边缘部分由所有连接在互联网上的主机（端系统）组成，供用户直接使用，进行通信和资源共享；核心部分由大量网络和连接这些网络的路由器组成，为边缘部分提供连通和交换服务。,,,,,,,,valid,,2,,2026-08-25T13:05:43.261130+00:00
505,504,4,计算机网络,1.3.1 互联网的边缘部分,4,1,import,互联网的边缘部分由所有连接在互联网上的主机组成，这些主机也称为端系统，是用户直接使用的部分。边缘部分中的端系统通过客户-服务器方式或对等方式相互通信，并利用核心部分提供的服务实现信息交换。,,,,,,,,valid,,0,,2026-08-25T13:05:43.261130+00:00
506,504,4,计算机网络,1.3.2 互联网的核心部分,4,1,import,互联网的核心部分由大量网络和连接这些网络的路由器组成，其作用是实现分组交换，为边缘部分提供连通性和交换服务。核心部分中的路由器是分组交换的关键构件，其任务是转发收到的分组，将分组从一个网络转发到另一个网络。,,,,,,,,valid,,1,,2026-08-25T13:05:43.261130+00:00
507,498,4,计算机网络,1.4 计算机网络在我国的发展,3,1,import,计算机网络在我国的发展是指我国从20世纪80年代起，先后建成公用分组交换网、于1994年正式接入国际互联网，并逐步建设多个全国性互联网络、推动网络规模扩大与宽带化、移动化的历史进程。,,,,,,,,valid,,3,,2026-08-25T13:05:43.261130+00:00
508,498,4,计算机网络,1.5 计算机网络的类别,3,1,import,计算机网络可按不同标准进行分类：按作用范围分为广域网、城域网、局域网和个人区域网；按使用者分为公用网和专用网；按交换方式分为电路交换、报文交换和分组交换；按拓扑结构分为星形、总线形、环形、树形和网状形。,,,,,,,,valid,,4,,2026-08-25T13:05:43.261130+00:00
509,508,4,计算机网络,1.5.1 计算机网络的定义,4,1,import,计算机网络是将地理位置不同、具有独立功能的多个计算机系统，通过通信设备和通信线路连接起来，在网络协议和网络操作系统的管理下，实现资源共享和信息传递的系统。,,,,,,,,valid,,0,,2026-08-25T13:05:43.261130+00:00
510,508,4,计算机网络,1.5.2 几种不同类别的计算机网络,4,1,import,计算机网络可以从不同角度划分为多种类别。按作用范围分为广域网(WAN)、城域网(MAN)、局域网(LAN)和个人区域网(PAN)；按使用者分为公用网和专用网；按交换方式分为电路交换、报文交换和分组交换网络；按拓扑结构分为星形、总线形、环形和网状网络。,,,,,,,,valid,,1,,2026-08-25T13:05:43.261130+00:00
511,498,4,计算机网络,1.6 计算机网络的性能,3,1,import,计算机网络的性能是衡量网络通信质量与效率的度量体系，主要通过速率、带宽、吞吐量、时延、时延带宽积、往返时间和利用率等指标来表征网络传送数据的能力与效果。,,,,,,,,valid,,5,,2026-08-25T13:05:43.261130+00:00
512,511,4,计算机网络,1.6.1 计算机网络的性能指标,4,1,import,计算机网络的性能指标是定量衡量网络性能优劣的度量标准，主要包括速率、带宽、吞吐量、时延、时延带宽积、往返时间RTT和利用率等七项指标，用于从不同角度刻画网络的数据传送能力与效率。,,,,,,,,valid,,0,,2026-08-25T13:05:43.261130+00:00
513,511,4,计算机网络,1.6.2 计算机网络的非性能特征,4,1,import,计算机网络的非性能特征是指与网络性能指标（如速率、带宽、吞吐量、时延等）无关，但影响网络使用和评价的其他特征，主要包括费用、质量、标准化、可靠性、可扩展性与可升级性、易于管理和维护等。这些特征从不同侧面反映网络的可用性和适用性。,,,,,,,,valid,,1,,2026-08-25T13:05:43.261130+00:00
514,498,4,计算机网络,1.7 计算机网络体系结构,3,1,import,计算机网络体系结构是计算机网络各层及其协议的集合，是对网络功能进行分层组织、定义各层协议及层间接口关系的总体框架。它规定了网络划分为哪些层次、每层完成哪些功能以及相邻层之间如何交互，是网络功能组织的抽象描述。,,,,,,,,valid,,6,,2026-08-25T13:05:43.261130+00:00
515,514,4,计算机网络,1.7.1 计算机网络体系结构的形成,4,1,import,"计算机网络体系结构的形成是指为应对计算机网络这一复杂系统的设计难题，在ARPANET设计之初提出""分层""方法，将庞大而复杂的问题转化为若干较小的、易于研究和处理的局部问题，从而逐步形成网络体系结构的过程。",,,,,,,,valid,,0,,2026-08-25T13:05:43.261130+00:00
516,514,4,计算机网络,1.7.2 协议与划分层次,4,1,import,网络协议是为进行网络中的数据交换而建立的规则、标准或约定，由语法、语义和同步三要素组成。划分层次是将庞大而复杂的网络问题分解为若干较小的局部问题，使各层相对独立地完成特定功能，从而简化整个网络的设计与实现。,,,,,,,,valid,,1,,2026-08-25T13:05:43.261130+00:00
517,514,4,计算机网络,1.7.3 具有五层协议的体系结构,4,1,import,具有五层协议的体系结构是一种原理性教学体系结构，自下而上由物理层、数据链路层、网络层、运输层和应用层五层组成，各层之间通过层间接口传递数据，下层为上层提供服务，上层使用下层提供的服务。,,,,,,,,valid,,2,,2026-08-25T13:05:43.261130+00:00
518,514,4,计算机网络,1.7.4 实体、协议、服务和服务访问点,4,1,import,实体是计算机网络中能够发送和接收信息的硬件或软件进程；协议是控制两个对等实体进行通信的规则集合；服务是下层实体向上层实体提供的功能；服务访问点是上层实体使用下层服务时与下层交互的接口，位于相邻层次之间。,,,,,,,,valid,,3,,2026-08-25T13:05:43.261130+00:00
519,514,4,计算机网络,1.7.5 TCP/IP的体系结构,4,1,import,TCP/IP体系结构是Internet所采用的计算机网络体系结构，采用自下而上的网络接口层、网际层、运输层和应用层四层结构，各层通过一组协议协同工作，实现异构网络间的端到端通信。,,,,,,,,valid,,4,,2026-08-25T13:05:43.261130+00:00
520,,4,计算机网络,第2章 物理层,2,1,import,比特流传输 | 物理接口 | 传输媒体 | 信号编码,,,,,,,,,,1,,2026-08-25T13:05:43.261130+00:00
521,520,4,计算机网络,2.1 物理层的基本概念,3,1,import,物理层是计算机网络体系结构中的最底层，其任务是确定与传输媒体的接口有关的特性，以便在连接各计算机的传输媒体上透明地传输比特流。物理层本身不是传输媒体，而是规定传输媒体接口特性的协议层。,,,,,,,,valid,,0,,2026-08-25T13:05:43.261130+00:00
522,520,4,计算机网络,2.2 数据通信的基础知识,3,1,import,数据通信的基础知识是研究数据在信道中传输的基本原理，涵盖数据通信系统的组成模型、信道的基本概念、基带与宽带信号、编码与调制，以及信道极限容量（奈氏准则与香农公式）的计算。,,,,,,,,valid,,1,,2026-08-25T13:05:43.261130+00:00
523,522,4,计算机网络,2.2.1 数据通信系统的模型,4,1,import,数据通信系统模型描述数据从源系统经传输系统传送到目的系统的完整过程，由源系统（源点与发送器）、传输系统、目的系统（接收器与终点）三大部分组成。其中发送器将数据变换为适合传输的信号，接收器将信号还原为数据。,,,,,,,,valid,,0,,2026-08-25T13:05:43.261130+00:00
524,522,4,计算机网络,2.2.2 有关信道的几个基本概念,4,1,import,信道是向某一个方向传送信息的媒体，是数据通信中信号传输的通路。本知识点阐述信道的含义、通信的三种方式（单向、双向交替、双向同时）、基带信号与带通信号的区别，以及调制与编码的基本方法。,,,,,,,,valid,,1,,2026-08-25T13:05:43.261130+00:00
525,522,4,计算机网络,2.2.3 信道的极限容量,4,1,import,信道的极限容量是指信道在单位时间内能够传输的最大信息量，单位为bit/s。它由奈氏准则（理想低通信道下码元传输速率上限为2W）和香农公式（C=W·log2(1+S/N)）共同界定，取决于信道带宽、码元状态数和信噪比。,,,,,,,,valid,,2,,2026-08-25T13:05:43.261130+00:00
526,520,4,计算机网络,2.3 物理层下面的传输媒体,3,1,import,传输媒体是数据传输系统中位于发送器和接收器之间的物理通路，分为导向传输媒体和非导向传输媒体两大类。导向传输媒体包括双绞线、同轴电缆和光纤，电磁波沿固体媒体被导向传播；非导向传输媒体指自由空间，电磁波在自由空间中传播。,,,,,,,,valid,,2,,2026-08-25T13:05:43.261130+00:00
527,526,4,计算机网络,2.3.1 导引型传输媒体,4,1,import,导引型传输媒体是指电磁波被约束在固体媒体内部或表面，沿固定路径定向传播的传输媒体，主要包括双绞线、同轴电缆和光纤三大类。,,,,,,,,valid,,0,,2026-08-25T13:05:43.261130+00:00
528,526,4,计算机网络,2.3.2 非导引型传输媒体,4,1,import,非导引型传输媒体是指利用电磁波在自由空间中传播来传输信号的传输媒体，不依赖物理导体或光缆等有形介质引导信号方向，依靠发送端和接收端的天线实现信号的发射与接收，主要包括无线电波、微波、红外线等无线传输方式。,,,,,,,,valid,,1,,2026-08-25T13:05:43.261130+00:00
529,520,4,计算机网络,2.4 信道复用技术,3,1,import,信道复用技术是指将一条物理信道划分为多个逻辑子信道，使多路信号在同一传输媒体上同时传输，以提高信道利用率的技术。其基本方式包括频分复用、时分复用、统计时分复用、波分复用和码分复用。,,,,,,,,valid,,3,,2026-08-25T13:05:43.261130+00:00
530,529,4,计算机网络,2.4.1 频分复用、时分复用和统计时分复用,4,1,import,频分复用将信道可用带宽划分为多个互不重叠的频带，各用户同时占用不同频带传输信号；时分复用将时间划分为周期性的时隙，各用户在分配给自己的时隙内轮流使用整个信道带宽；统计时分复用根据用户实际需求动态分配时隙，以提高信道利用率。三者均实现多路信号共享一条物理信道。,,,,,,,,valid,,0,,2026-08-25T13:05:43.261130+00:00
531,529,4,计算机网络,2.4.2 波分复用,4,1,import,波分复用（WDM）是在一根光纤上同时传输多个不同波长光载波信号的复用技术。发送端将多路不同波长的光信号合成为一束光送入同一根光纤，接收端再将不同波长的光信号分离开来，从而在一根光纤中同时传输多路数据。,,,,,,,,valid,,1,,2026-08-25T13:05:43.261130+00:00
532,529,4,计算机网络,2.4.3 码分复用,4,1,import,码分复用是一种信道复用技术，为每个用户分配一个相互正交的码片序列，各用户用该码片序列表示比特1、用其反码表示比特0，在同一时间、同一频段上同时发送信号，接收方通过计算规格化内积从叠加信号中分离出所需数据。,,,,,,,,valid,,2,,2026-08-25T13:05:43.261130+00:00
533,520,4,计算机网络,2.5 数字传输系统,3,1,import,数字传输系统是以数字信号形式传输信息的通信系统，其基础是脉码调制PCM技术。该系统通过时分复用将多路数字信号汇集成高速数据流，并遵循统一的速率标准（如T1、E1体系）以及光纤传输标准（SONET/SDH）进行传输。,,,,,,,,valid,,4,,2026-08-25T13:05:43.261130+00:00
534,520,4,计算机网络,2.6 宽带接入技术,3,1,import,宽带接入技术是指将用户端设备连接到互联网核心网络、能够提供较高数据传输速率（宽带）的接入技术，主要包括基于电话用户线的ADSL技术、基于有线电视网的HFC技术和基于光纤的FTTx技术三大类。,,,,,,,,valid,,5,,2026-08-25T13:05:43.261130+00:00
535,534,4,计算机网络,2.6.1 ADSL技术,4,1,import,ADSL（非对称数字用户线）是一种利用现有电话用户线（铜质双绞线）实现宽带接入的技术。它通过频分复用将电话线频带划分为语音信道、上行信道和下行信道，实现下行速率远高于上行速率的非对称传输。,,,,,,,,valid,,0,,2026-08-25T13:05:43.261130+00:00
536,534,4,计算机网络,2.6.2 光纤同轴混合网（HFC网）,4,1,import,光纤同轴混合网（HFC）是一种宽带接入技术，它以有线电视网为基础，主干线路采用光纤传输信号，用户分配网络采用同轴电缆入户，通过频分复用划分上下行频段实现双向通信，用户端使用电缆调制解调器（Cable Modem）接入网络。,,,,,,,,valid,,1,,2026-08-25T13:05:43.261130+00:00
537,534,4,计算机网络,2.6.3 FTTx技术,4,1,import,FTTx（Fiber To The x，光纤到x）是一种光纤宽带接入技术，指以光纤作为传输介质，将光网络单元（ONU）部署到用户附近的某一位置，根据光纤到达位置的不同，形成光纤到户（FTTH）、光纤到楼（FTTB）、光纤到路边（FTTC）等多种接入形态。,,,,,,,,valid,,2,,2026-08-25T13:05:43.261130+00:00
538,,4,计算机网络,第3章 数据链路层,2,1,import,帧封装 | 差错检测 | 流量控制 | 介质访问控制,,,,,,,,,,2,,2026-08-25T13:05:43.261130+00:00
539,538,4,计算机网络,3.1 使用点对点信道的数据链路层,3,1,import,数据链路层使用点对点信道时，通信双方通过一条物理链路直接相连，数据链路层将网络层交下来的IP数据报封装成帧，通过点对点信道进行一对一传输，并解决封装成帧、透明传输和差错检测三个基本问题。,,,,,,,,valid,,0,,2026-08-25T13:05:43.261130+00:00
540,539,4,计算机网络,3.1.1 数据链路和帧,4,1,import,数据链路是物理链路加上实现通信协议的硬件和软件所构成的逻辑链路，用于在相邻结点间传输数据。帧是数据链路层的协议数据单元，数据链路层将数据封装成帧（在数据前后加上首部和尾部）后在点对点信道上进行传输。,,,,,,,,valid,,0,,2026-08-25T13:05:43.261130+00:00
541,539,4,计算机网络,3.1.2 三个基本问题,4,1,import,数据链路层使用点对点信道时必须解决的三个基本问题，包括封装成帧、透明传输和差错检测。封装成帧用于确定帧的界限，透明传输保证数据中任意比特组合都能正常传输，差错检测用于发现传输过程中产生的比特差错。,,,,,,,,valid,,1,,2026-08-25T13:05:43.261130+00:00
542,538,4,计算机网络,3.2 点对点协议PPP,3,1,import,PPP（点对点协议）是数据链路层中用于在两个结点之间的点对点链路上传送数据的协议，由封装IP数据报的方法、链路控制协议LCP和网络控制协议NCP三部分组成，支持全双工通信，提供差错检测功能，但不提供可靠传输。,,,,,,,,valid,,1,,2026-08-25T13:05:43.261130+00:00
543,542,4,计算机网络,3.2.1 PPP协议的特点,4,1,import,PPP（Point-to-Point Protocol，点对点协议）是数据链路层中用于在两个直接相连的节点之间建立、配置和测试数据链路连接的点对点协议，支持全双工通信，可承载多种网络层协议，并具备差错检测和认证功能。,,,,,,,,valid,,0,,2026-08-25T13:05:43.261130+00:00
544,542,4,计算机网络,3.2.2 PPP协议的帧格式,4,1,import,PPP协议的帧格式规定了PPP帧的字段组成与排列顺序，帧由标志字段(7E)、地址字段(FF)、控制字段(03)、协议字段、信息字段和帧检验序列FCS构成，用于在点对点链路上封装网络层数据报，并通过字节填充或零比特填充实现透明传输。,,,,,,,,valid,,1,,2026-08-25T13:05:43.261130+00:00
545,542,4,计算机网络,3.2.3 PPP协议的工作状态,4,1,import,PPP协议的工作状态描述PPP链路从建立到释放所经历的状态转换过程，包括链路静止、链路建立、鉴别、网络层协议、链路打开和链路终止六个状态，各状态之间通过特定事件触发转换，最终回到链路静止状态。,,,,,,,,valid,,2,,2026-08-25T13:05:43.261130+00:00
546,538,4,计算机网络,3.3 使用广播信道的数据链路层,3,1,import,使用广播信道的数据链路层是指多个站点共享同一广播信道进行通信时，数据链路层所采用的技术，其核心是以太网使用的CSMA/CD协议（载波监听多址接入/碰撞检测），通过载波监听、碰撞检测和二进制指数退避机制协调各站点对共享信道的访问。,,,,,,,,valid,,2,,2026-08-25T13:05:43.261130+00:00
547,546,4,计算机网络,3.3.1 局域网的数据链路层,4,1,import,局域网的数据链路层是局域网体系结构中负责在共享广播信道上进行帧传输的层次，划分为与传输媒体无关的逻辑链路控制（LLC）子层和与传输媒体相关的媒体接入控制（MAC）子层，主要任务是解决多个站点如何共享广播信道的问题。,,,,,,,,valid,,0,,2026-08-25T13:05:43.261130+00:00
548,546,4,计算机网络,3.3.2 CSMA/CD协议,4,1,import,CSMA/CD（载波监听多点接入/碰撞检测）是总线型以太网采用的介质访问控制协议。站点发送前先监听信道，空闲则发送，发送过程中持续检测碰撞；一旦检测到碰撞立即停止发送并发送强化碰撞信号，再按二进制指数退避算法随机等待后重传。,,,,,,,,valid,,1,,2026-08-25T13:05:43.261130+00:00
549,546,4,计算机网络,3.3.3 使用集线器的星形拓扑,4,1,import,使用集线器的星形拓扑是以集线器为中心设备，各站点通过双绞线等传输介质与集线器相连，构成物理上为星形、逻辑上为总线形的以太网拓扑结构。集线器工作在物理层，本质是多端口转发器，将收到的比特信号再生整形后向所有其他端口广播转发，不检测冲突，工作于半双工方式。,,,,,,,,valid,,2,,2026-08-25T13:05:43.261130+00:00
550,546,4,计算机网络,3.3.4 以太网的信道利用率,4,1,import,以太网的信道利用率指信道用于成功发送数据的时间占总时间的比例。由于CSMA/CD机制需要争用期2τ来检测碰撞，信道利用率η = T0/(T0+2τ)，其中T0为发送一帧所需的时间，τ为单程传播时延。,,,,,,,,valid,,3,,2026-08-25T13:05:43.261130+00:00
551,546,4,计算机网络,3.3.5 以太网的MAC层,4,1,import,以太网的MAC层是数据链路层的子层，负责以太网帧的封装与解封装、MAC地址寻址和帧校验。它规定了MAC帧的格式，包括目的地址、源地址、类型、数据字段和帧检验序列FCS，并规定帧的最小长度为64字节。,,,,,,,,valid,,4,,2026-08-25T13:05:43.261130+00:00
552,538,4,计算机网络,3.4 扩展的以太网,3,1,import,扩展的以太网是指利用集线器在物理层、或利用网桥和以太网交换机在数据链路层将多个以太网网段互连，以扩大网络覆盖范围的技术。物理层扩展会扩大冲突域，数据链路层扩展可隔离冲突域，虚拟局域网（VLAN）在逻辑上划分广播域。,,,,,,,,valid,,3,,2026-08-25T13:05:43.261130+00:00
553,552,4,计算机网络,3.4.1 在物理层扩展以太网,4,1,import,在物理层扩展以太网是指使用集线器（Hub）将多个以太网网段连接起来，构成一个更大的以太网。集线器工作在物理层，对接收到的信号进行再生整形后广播到所有其他端口，扩展后各网段处于同一个碰撞域中，各站点共享带宽，采用半双工方式工作。,,,,,,,,valid,,0,,2026-08-25T13:05:43.261130+00:00
554,552,4,计算机网络,3.4.2 在数据链路层扩展以太网,4,1,import,在数据链路层扩展以太网是指利用网桥或以太网交换机等数据链路层设备，根据MAC地址对以太网帧进行接收、过滤和转发，将多个以太网网段连接成一个更大的以太网，从而扩大网络覆盖范围并隔离碰撞域。,,,,,,,,valid,,1,,2026-08-25T13:05:43.261130+00:00
555,552,4,计算机网络,3.4.3 虚拟局域网,4,1,import,虚拟局域网（VLAN）是一种将局域网内的站点按逻辑而非物理位置划分成多个独立广播域的技术。它通过在以太网帧中插入VLAN标签（遵循IEEE 802.1Q标准），使同一VLAN内的站点可以互相通信，不同VLAN内的站点不能直接通信。,,,,,,,,valid,,2,,2026-08-25T13:05:43.261130+00:00
556,538,4,计算机网络,3.5 高速以太网,3,1,import,高速以太网是指数据传输速率达到或超过100Mb/s的以太网，主要包括100BASE-T快速以太网（100Mb/s）、吉比特以太网（1Gb/s）和10吉比特以太网（10Gb/s）。它们均保持以太网MAC帧格式不变，通过提高速率和调整工作方式来提升网络性能。,,,,,,,,valid,,4,,2026-08-25T13:05:43.261130+00:00
557,556,4,计算机网络,3.5.1 100BASE-T以太网,4,1,import,100BASE-T是以太网的高速版本，又称快速以太网，由IEEE 802.3u标准定义，在双绞线上以100Mbit/s速率传输数据。它保留了CSMA/CD介质访问控制方式和MAC帧格式不变，仅将数据传输速率提高至10BASE-T的10倍。,,,,,,,,valid,,0,,2026-08-25T13:05:43.261130+00:00
558,556,4,计算机网络,3.5.2 吉比特以太网,4,1,import,吉比特以太网是数据速率为1Gbps（1000Mbps）的以太网技术，由IEEE 802.3z和IEEE 802.3ab两个标准定义，在保持以太网帧格式不变的前提下，通过光纤或双绞线等传输介质实现千兆速率的数据传输。,,,,,,,,valid,,1,,2026-08-25T13:05:43.261130+00:00
559,556,4,计算机网络,3.5.3 10吉比特以太网(10GE)和更快的以太网,4,1,import,10吉比特以太网(10GE)是数据率为10Gbit/s的以太网，由IEEE 802.3ae标准规定，只使用光纤作为传输媒体，只工作在全双工方式，不使用CSMA/CD协议。更快的以太网指数据率为40Gbit/s和100Gbit/s的以太网，由IEEE 802.3ba标准规定。,,,,,,,,valid,,2,,2026-08-25T13:05:43.261130+00:00
560,556,4,计算机网络,3.5.4 使用以太网进行宽带接入,4,1,import,使用以太网进行宽带接入是指利用以太网技术为用户提供宽带接入服务的方法。其基本做法是用光缆将宽带接入网连接到用户家中，在用户家中安装以太网交换机，用户设备通过以太网接口接入网络，每个用户独享带宽且带宽可灵活分配。该接入方式并非新的以太网标准，而是对现有以太网技术的应用。,,,,,,,,valid,,3,,2026-08-25T13:05:43.261130+00:00
561,,4,计算机网络,第4章 网络层,2,1,import,网络层负责将分组从源主机传送到目的主机，提供主机到主机的通信服务,,,,,,,,,,3,,2026-08-25T13:05:43.261130+00:00
562,561,4,计算机网络,4.1 网络层提供的两种服务,3,1,import,网络层向运输层提供数据报和虚电路两种服务模式,,,,,,,,valid,,0,,2026-08-25T13:05:43.261130+00:00
563,561,4,计算机网络,4.2 网际协议IP,3,1,import,IP协议是TCP/IP体系中最核心的网络层协议实现无连接的数据报服务,,,,,,,,valid,,1,,2026-08-25T13:05:43.261130+00:00
564,563,4,计算机网络,4.2.1 虚拟互连网络,4,1,import,通过IP协议屏蔽底层网络差异使各种网络在逻辑上互连成统一网络,,,,,,,,valid,,0,,2026-08-25T13:05:43.261130+00:00
565,563,4,计算机网络,4.2.2 分类的IP地址,4,1,import,将IP地址划分为A类B类C类D类E类五类以适应不同规模网络,,,,,,,,valid,,1,,2026-08-25T13:05:43.261130+00:00
566,563,4,计算机网络,4.2.3 IP地址与硬件地址,4,1,import,IP地址是网络层逻辑地址硬件地址是数据链路层物理地址,,,,,,,,valid,,2,,2026-08-25T13:05:43.261130+00:00
567,563,4,计算机网络,4.2.4 地址解析协议ARP,4,1,import,将网络层IP地址解析为数据链路层硬件地址用于同一局域网内通信,,,,,,,,valid,,3,,2026-08-25T13:05:43.261130+00:00
568,563,4,计算机网络,4.2.5 IP数据报的格式,4,1,import,IP数据报是IP层传送的数据单元，由首部和数据两部分组成。首部固定部分为20字节，包含版本、首部长度、区分服务、总长度、标识、标志、片偏移、生存时间、协议、首部检验和、源地址和目的地址等字段，各字段共同决定数据报在网络中的传输与处理方式。,,,,,,,,valid,,4,,2026-08-25T13:05:43.261130+00:00
569,563,4,计算机网络,4.2.6 IP层转发分组的流程,4,1,import,IP层转发分组是指路由器（或主机）根据IP数据报首部中的目的IP地址，在路由表中查找匹配的条目，确定下一跳路由器或直接交付的接口，从而将分组转发出去的过程。,,,,,,,,valid,,5,,2026-08-25T13:05:43.261130+00:00
570,561,4,计算机网络,4.3 划分子网和构造超网,3,1,import,划分子网是将IP地址由两级结构（网络号+主机号）扩展为三级结构（网络号+子网号+主机号），通过子网掩码标识网络部分以区分不同子网；构造超网（CIDR）采用无分类编址，用IP地址加斜线和网络前缀长度表示地址块，可将多个连续地址块聚合成一条路由。,,,,,,,,valid,,2,,2026-08-25T13:05:43.261130+00:00
571,570,4,计算机网络,4.3.1 划分子网,4,1,import,划分子网是指从IP地址的主机号部分借用若干高位作为子网号，将两级IP地址结构（网络号+主机号）变为三级结构（网络号+子网号+主机号），把一个较大的网络划分为若干较小的子网，以提高IP地址利用率并便于网络管理。,,,,,,,,valid,,0,,2026-08-25T13:05:43.261130+00:00
572,570,4,计算机网络,4.3.2 使用子网时分组的转发,4,1,import,使用子网时分组的转发是指路由器依据路由表中记录的目的网络地址、子网掩码和下一跳地址，对收到的IP分组进行逐项匹配并确定转发路径的过程。转发时用路由表项中的子网掩码与分组的目的IP地址做按位与运算，所得网络地址与表项中的目的网络地址相等时，即按该表项的下一跳转发。,,,,,,,,valid,,1,,2026-08-25T13:05:43.261130+00:00
573,570,4,计算机网络,4.3.3 无分类编址CIDR（构造超网）,4,1,import,取消传统分类采用网络前缀记法实现路由聚合和地址复用,,,,,,,,valid,,2,,2026-08-25T13:05:43.261130+00:00
574,561,4,计算机网络,4.4 网际控制报文协议ICMP,3,1,import,ICMP（网际控制报文协议）是网络层中用于报告差错和提供网络诊断信息的协议。当IP数据报在传输过程中出现差错时，路由器或目的主机使用ICMP向源站报告差错情况；同时ICMP也提供询问报文，用于网络探测和诊断。,,,,,,,,valid,,3,,2026-08-25T13:05:43.261130+00:00
575,574,4,计算机网络,4.4.1 ICMP报文的种类,4,1,import,ICMP报文分为差错报告报文和查询报文两大类,,,,,,,,valid,,0,,2026-08-25T13:05:43.261130+00:00
576,574,4,计算机网络,4.4.2 ICMP的应用举例,4,1,import,ICMP的典型应用包括Ping命令和Traceroute追踪路由,,,,,,,,valid,,1,,2026-08-25T13:05:43.261130+00:00
577,561,4,计算机网络,4.5 互联网的路由选择协议,3,1,import,路由选择协议用于构建和维护路由器中的路由表实现分组转发,,,,,,,,valid,,4,,2026-08-25T13:05:43.261130+00:00
578,577,4,计算机网络,4.5.1 有关路由选择协议的几个基本概念,4,1,import,路由选择协议是路由器之间通过交换路由信息来建立和维护路由表、确定到达目的网络最佳路径的规则集合。本知识点阐述路由选择协议的基本概念，包括理想路由算法应具备的特点、静态与动态两类路由选择策略，以及因特网采用的分层次路由选择结构（自治系统、内部网关协议与外部网关协议的划分）。,,,,,,,,valid,,0,,2026-08-25T13:05:43.261130+00:00
579,577,4,计算机网络,4.5.2 内部网关协议RIP,4,1,import,RIP是一种基于距离向量算法的内部网关协议，以跳数作为度量标准来衡量到达目的网络的距离，最大跳数为15（16表示不可达），适用于小型互联网。RIP仅与相邻路由器周期性地交换路由信息，据此更新和维护各自的路由表。,,,,,,,,valid,,1,,2026-08-25T13:05:43.261130+00:00
580,577,4,计算机网络,4.5.3 内部网关协议OSPF,4,1,import,OSPF（开放最短路径优先）是一种基于链路状态算法的内部网关协议。它通过洪泛法向自治系统内所有路由器发送链路状态信息，各路由器据此构建全网链路状态数据库，并利用Dijkstra算法计算出到各目的网络的最短路径。,,,,,,,,valid,,2,,2026-08-25T13:05:43.261130+00:00
581,577,4,计算机网络,4.5.4 外部网关协议BGP,4,1,import,BGP（边界网关协议）是互联网中不同自治系统（AS）之间交换路由信息的外部网关协议，采用路径向量算法，由各自治系统中的BGP发言人通过TCP连接相互交换网络可达性信息。,,,,,,,,valid,,3,,2026-08-25T13:05:43.261130+00:00
582,577,4,计算机网络,4.5.5 路由器的构成,4,1,import,路由器是一种具有多个输入端口和多个输出端口的专用计算机，其任务是转发分组。从结构上，路由器分为路由选择部分和分组转发部分，其中分组转发部分由输入端口、交换结构和输出端口三部分组成。,,,,,,,,valid,,4,,2026-08-25T13:05:43.261130+00:00
583,561,4,计算机网络,4.6 IPv6,3,1,import,IPv6（网际协议第6版）是IETF设计的下一代网际协议，使用128位二进制数表示地址，从根本上扩大了地址空间，并采用40字节固定基本首部加可选扩展首部的数据报格式，支持单播、多播和任播三种地址类型。,,,,,,,,valid,,5,,2026-08-25T13:05:43.261130+00:00
584,583,4,计算机网络,4.6.1 IPv6的基本首部,4,1,import,IPv6首部固定40字节去掉IPv4的可变长度字段提高处理效率,,,,,,,,valid,,0,,2026-08-25T13:05:43.261130+00:00
585,583,4,计算机网络,4.6.2 IPv6的地址,4,1,import,"IPv6地址是长度为128位的网络层地址，采用冒号十六进制记法表示，即用冒号分隔的8组16位十六进制数，并支持零压缩（用""::""表示连续的一组或多组0）。IPv6地址分为单播、多播和任播三种类型。",,,,,,,,valid,,1,,2026-08-25T13:05:43.261130+00:00
586,583,4,计算机网络,4.6.3 从IPv4向IPv6过渡,4,1,import,从IPv4向IPv6过渡是指网络由IPv4协议逐步迁移到IPv6协议的过程中，为使两种协议的网络能够共存与互通而采用的技术方案，主要包括双协议栈、隧道技术和翻译技术三种基本策略。,,,,,,,,valid,,2,,2026-08-25T13:05:43.261130+00:00
587,583,4,计算机网络,4.6.4 ICMPv6,4,1,import,ICMPv6是IPv6网络中的互联网控制报文协议，用于在IPv6主机和路由器之间传递差错报告与网络诊断信息，同时承担地址解析、邻居发现、路由器发现等网络层辅助功能，是IPv6协议族的重要组成部分。,,,,,,,,valid,,3,,2026-08-25T13:05:43.261130+00:00
588,561,4,计算机网络,4.7 IP多播,3,1,import,IP多播实现一对多的通信减少网络带宽消耗,,,,,,,,valid,,6,,2026-08-25T13:05:43.261130+00:00
589,588,4,计算机网络,4.7.1 IP多播的基本概念,4,1,import,IP多播是一种一对多的通信方式，源主机只需发送一份数据，网络中的多播路由器根据组成员关系将数据复制并转发给属于同一多播组的多个目的主机。多播使用D类IP地址（224.0.0.0～239.255.255.255）作为组地址来标识多播组。,,,,,,,,valid,,0,,2026-08-25T13:05:43.261130+00:00
590,588,4,计算机网络,4.7.2 在局域网上进行硬件多播,4,1,import,在局域网上进行硬件多播是指将IP多播地址（D类地址）映射为局域网硬件多播地址的过程。以太网规定，将IP多播地址的低23位复制到以太网多播地址01-00-5E-00-00-00的低23位，使IP多播帧能在局域网上以硬件多播方式传送。,,,,,,,,valid,,1,,2026-08-25T13:05:43.261130+00:00
591,588,4,计算机网络,4.7.3 网际组管理协议IGMP和多播路由选择协议,4,1,import,IGMP是TCP/IP协议族中用于管理IP多播组成员关系的协议，使连接在本地局域网上的多播路由器能够了解本局域网上主机加入或退出多播组的情况；多播路由选择协议则用于在多播路由器之间确定多播数据报的转发路径，并建立多播转发树以完成多播数据报的传送。,,,,,,,,valid,,2,,2026-08-25T13:05:43.261130+00:00
592,561,4,计算机网络,4.8 虚拟专用网VPN和网络地址转换NAT,3,1,import,VPN提供安全的远程访问NAT解决IPv4地址不足问题,,,,,,,,valid,,7,,2026-08-25T13:05:43.261130+00:00
593,592,4,计算机网络,4.8.1 虚拟专用网VPN,4,1,import,虚拟专用网VPN是一种利用公共网络（如互联网）作为传输介质，通过隧道技术以及加密和认证技术，在远程用户或分散的局域网之间建立安全、专用的逻辑通信链路的技术，使远程用户或分支机构能够像接入专用网络一样安全地访问企业内部网络资源。,,,,,,,,valid,,0,,2026-08-25T13:05:43.261130+00:00
594,592,4,计算机网络,4.8.2 网络地址转换NAT,4,1,import,网络地址转换NAT是一种在专用网络与互联网之间转换IP地址的技术。NAT路由器维护一张NAT转换表，将内部主机使用的私有地址映射为全球地址，使专用网络中的多个主机可通过共享的全球地址访问互联网，从而缓解IPv4地址短缺问题。,,,,,,,,valid,,1,,2026-08-25T13:05:43.261130+00:00
595,561,4,计算机网络,4.9 多协议标记交换MPLS,3,1,import,MPLS是一种在数据链路层与网络层之间引入标记机制的分组转发技术。它在网络入口处根据转发等价类为分组打上标记，网络内部路由器仅依据标记进行快速转发，在出口处去除标记，从而简化转发过程并支持多种网络层协议。,,,,,,,,valid,,8,,2026-08-25T13:05:43.261130+00:00
596,595,4,计算机网络,4.9.1 MPLS的工作原理,4,1,import,MPLS是一种基于标记（Label）转发的分组交换技术。它在网络入口的边缘路由器（LER）为分组分配标记，核心路由器（LSR）仅依据标记进行快速转发，出口边缘路由器去除标记，从而实现分组沿标记交换路径（LSP）的转发。,,,,,,,,valid,,0,,2026-08-25T13:05:43.261130+00:00
597,595,4,计算机网络,4.9.2 MPLS首部的位置与格式,4,1,import,MPLS首部是插入在链路层首部与网络层首部之间的32位（4字节）固定长度封装结构，由20位标记、3位流量类别、1位栈底和8位生存时间四个字段组成，用于承载标记交换所需的转发信息。,,,,,,,,valid,,1,,2026-08-25T13:05:43.261130+00:00
598,,4,计算机网络,第5章 运输层,2,1,import,运输层为应用进程提供端到端的逻辑通信功能,,,,,,,,,,4,,2026-08-25T13:05:43.261130+00:00
599,598,4,计算机网络,5.1 运输层协议概述,3,1,import,运输层在进程之间提供逻辑通信是协议栈中的关键层次,,,,,,,,valid,,0,,2026-08-25T13:05:43.261130+00:00
600,599,4,计算机网络,5.1.1 进程之间的通信,4,1,import,运输层为运行在不同主机上的应用进程之间提供端到端的逻辑通信服务。网络层负责主机之间的通信，而运输层在主机间通信的基础上，进一步实现应用进程之间的通信，使应用进程无需关心底层网络的实现细节。,,,,,,,,valid,,0,,2026-08-25T13:05:43.261130+00:00
601,599,4,计算机网络,5.1.2 运输层的两个主要协议,4,1,import,运输层向应用层提供两个主要协议：传输控制协议TCP（面向连接，提供可靠交付服务）和用户数据报协议UDP（无连接，提供尽最大努力交付服务）。二者均通过端口号标识应用进程，为应用进程之间提供端到端的逻辑通信。,,,,,,,,valid,,1,,2026-08-25T13:05:43.261130+00:00
602,599,4,计算机网络,5.1.3 运输层的端口,4,1,import,运输层的端口是运输层用于标识同一主机中不同应用进程的16位逻辑编号。由于IP地址只能标识主机而无法区分主机内的多个应用进程，运输层通过端口号将收到的数据准确交付给对应的应用进程。,,,,,,,,valid,,2,,2026-08-25T13:05:43.261130+00:00
603,598,4,计算机网络,5.2 用户数据报协议UDP,3,1,import,UDP（用户数据报协议）是TCP/IP体系中一种无连接的运输层协议，它在IP数据报服务之上仅增加了复用/分用功能和差错检测功能，提供尽最大努力交付的不可靠数据传输服务，发送数据前无需建立连接。,,,,,,,,valid,,1,,2026-08-25T13:05:43.261130+00:00
604,603,4,计算机网络,5.2.1 UDP概述,4,1,import,UDP（用户数据报协议）是运输层的一种无连接、不可靠的协议，它在IP数据报服务之上仅增加了复用/分用功能和差错检测功能，发送数据前无需建立连接，也不保证数据报的可靠交付。,,,,,,,,valid,,0,,2026-08-25T13:05:43.261130+00:00
605,603,4,计算机网络,5.2.2 UDP的首部格式,4,1,import,UDP首部是UDP用户数据报中位于数据部分之前的固定8字节结构，由源端口、目的端口、长度和校验和四个字段组成，每个字段各占2字节（16位），用于标识通信端点、指示数据报总长度并检测传输差错。,,,,,,,,valid,,1,,2026-08-25T13:05:43.261130+00:00
606,598,4,计算机网络,5.3 传输控制协议TCP概述,3,1,import,TCP（传输控制协议）是运输层的一种面向连接的、可靠的、基于字节流的传输协议。它在通信双方之间建立逻辑连接，提供全双工的点对点通信服务，保证数据无差错、不丢失、不重复且按序到达。,,,,,,,,valid,,2,,2026-08-25T13:05:43.261130+00:00
607,606,4,计算机网络,5.3.1 TCP最主要的特点,4,1,import,TCP是面向连接的、可靠的、基于字节流的传输层协议。其最主要特点包括：面向连接、每一条连接只能有两个端点（点对点）、提供可靠交付、提供全双工通信、面向字节流。,,,,,,,,valid,,0,,2026-08-25T13:05:43.261130+00:00
608,606,4,计算机网络,5.3.2 TCP的连接,4,1,import,TCP连接是TCP协议中通信双方在传输数据前建立的逻辑连接，其端点为套接字，即IP地址与端口号的组合。每一条TCP连接由通信两端的两个套接字唯一确定，支持全双工通信。,,,,,,,,valid,,1,,2026-08-25T13:05:43.261130+00:00
609,598,4,计算机网络,5.4 可靠传输的工作原理,3,1,import,可靠传输的工作原理是指在不可靠的传输信道上，通过给数据分组编号、接收方发送确认、发送方超时重传等机制，保证接收方能够正确、按序地收到所有数据分组的基本原理。,,,,,,,,valid,,3,,2026-08-25T13:05:43.261130+00:00
610,609,4,计算机网络,5.4.1 停止等待协议,4,1,import,停止等待协议是一种可靠传输协议，其核心思想是发送方每发送一个数据分组后就停止发送，等待接收方发回确认（ACK）；若在超时计时器规定的时间内未收到确认，则重传该分组。该协议通过确认、超时重传和编号机制保证数据可靠传输，但信道利用率较低。,,,,,,,,valid,,0,,2026-08-25T13:05:43.261130+00:00
611,609,4,计算机网络,5.4.2 连续ARQ协议,4,1,import,连续ARQ协议是可靠传输中的一种自动重传请求机制，发送方在未收到确认的情况下可以连续发送多个分组，不必每发一个分组就停下来等待确认。它通过滑动窗口控制发送数量，接收方采用累积确认方式，发送方在超时后重传未被确认的分组。,,,,,,,,valid,,1,,2026-08-25T13:05:43.261130+00:00
612,598,4,计算机网络,5.5 TCP报文段的首部格式,3,1,import,TCP报文段的首部格式是指TCP报文段中位于用户数据之前、用于承载传输控制信息的字段结构，由固定部分（20字节）和可选部分（选项字段）组成，包括源端口、目的端口、序号、确认号、数据偏移、保留字段、控制位、窗口、检验和、紧急指针等字段。,,,,,,,,valid,,4,,2026-08-25T13:05:43.261130+00:00
613,598,4,计算机网络,5.6 TCP可靠传输的实现,3,1,import,TCP可靠传输的实现是指TCP在不可靠的IP层之上，通过以字节为单位的滑动窗口机制、累积确认机制和超时重传机制，确保数据按序、无差错、不丢失、不重复地交付给应用进程的具体方法。,,,,,,,,valid,,5,,2026-08-25T13:05:43.261130+00:00
614,613,4,计算机网络,5.6.1 以字节为单位的滑动窗口,4,1,import,TCP的滑动窗口以字节为单位进行管理。发送方根据接收方通告的接收窗口大小确定发送窗口，窗口内的字节序号可被发送，收到确认后窗口向前滑动；接收方仅接收序号落在接收窗口内的数据，从而实现可靠传输。,,,,,,,,valid,,0,,2026-08-25T13:05:43.261130+00:00
615,613,4,计算机网络,5.6.2 超时重传时间的选择,4,1,import,超时重传时间(RTO)的选择是TCP可靠传输的关键机制，通过测量报文段的往返时间RTT，利用加权平均算法计算平滑往返时间RTTs和往返时间偏差RTTD，最终确定RTO=RTTs+4×RTTD，使重传既不过早也不过分延迟。,,,,,,,,valid,,1,,2026-08-25T13:05:43.261130+00:00
616,613,4,计算机网络,5.6.3 选择确认SACK,4,1,import,选择确认SACK是TCP的一种可选机制，接收方在收到乱序数据段时，通过SACK选项向发送方报告已正确接收的不连续字节块，使发送方能够只重传真正丢失的数据段，从而提高重传效率。,,,,,,,,valid,,2,,2026-08-25T13:05:43.261130+00:00
617,598,4,计算机网络,5.7 TCP的流量控制,3,1,import,流量控制用于控制发送方的发送速率避免接收方缓冲区溢出,,,,,,,,valid,,6,,2026-08-25T13:05:43.261130+00:00
618,617,4,计算机网络,5.7.1 利用滑动窗口实现流量控制,4,1,import,TCP流量控制中，接收方根据自身接收缓存剩余空间，在TCP报文段首部的窗口字段中通告接收窗口rwnd，发送方据此将发送窗口限制在rwnd范围之内，使发送速率与接收方的接收能力相匹配，从而防止接收方缓存溢出。,,,,,,,,valid,,0,,2026-08-25T13:05:43.261130+00:00
619,617,4,计算机网络,5.7.2 TCP的传输效率,4,1,import,TCP的传输效率是指TCP协议通过Nagle算法、糊涂窗口综合征的避免机制（如Clark解决方案和延迟确认）等手段，减少网络中微小报文段的数量，从而降低网络开销、提高数据传输效率的机制。,,,,,,,,valid,,1,,2026-08-25T13:05:43.261130+00:00
620,598,4,计算机网络,5.8 TCP的拥塞控制,3,1,import,TCP的拥塞控制是指发送方通过维护一个拥塞窗口（cwnd），根据网络是否发生拥塞来动态调整发送速率，避免过多数据注入网络导致网络性能下降的机制。其核心思想是网络出现拥塞时减小发送窗口，网络通畅时增大发送窗口。,,,,,,,,valid,,7,,2026-08-25T13:05:43.261130+00:00
621,620,4,计算机网络,5.8.1 拥塞控制的一般原理,4,1,import,拥塞是指网络中的资源（链路带宽、路由器缓存、处理能力等）不足以承受注入网络的数据量时，网络吞吐量随负载增大反而下降的现象。拥塞控制的一般原理阐述拥塞的成因与基本控制思想，即防止过多数据注入网络，使网络资源不致过载，其控制策略分为开环控制和闭环控制两大类。,,,,,,,,valid,,0,,2026-08-25T13:05:43.261130+00:00
622,620,4,计算机网络,5.8.2 TCP的拥塞控制方法,4,1,import,TCP的拥塞控制方法是发送方通过维护拥塞窗口cwnd，采用慢开始、拥塞避免、快重传、快恢复四种算法，根据网络是否发生拥塞（超时或收到重复ACK）动态调整cwnd的大小，从而控制发送速率、避免网络过载的一组机制。,,,,,,,,valid,,1,,2026-08-25T13:05:43.261130+00:00
623,620,4,计算机网络,5.8.3 主动队列管理AQM,4,1,import,主动队列管理（AQM）是路由器上的一种队列管理策略，在队列溢出前主动监测平均队列长度等指标以检测拥塞趋势，并随机丢弃或标记数据包向TCP发送方提前发出拥塞信号，从而避免尾部丢弃导致的队列溢出和TCP全局同步等问题。,,,,,,,,valid,,2,,2026-08-25T13:05:43.261130+00:00
624,598,4,计算机网络,5.9 TCP的运输连接管理,3,1,import,TCP的运输连接管理是指TCP协议为确保面向连接的可靠通信，通过三次握手建立连接、通过四次挥手释放连接，并维护连接状态的过程。TCP连接是通信双方之间的逻辑连接，其建立、维持和释放由双方通过交换带有SYN、ACK、FIN等标志位的报文段来协同完成。,,,,,,,,valid,,8,,2026-08-25T13:05:43.261130+00:00
625,624,4,计算机网络,5.9.1 TCP的连接建立,4,1,import,TCP连接建立是指通信双方通过交换SYN、SYN+ACK、ACK三个报文段（即三次握手）在传输层建立一条逻辑连接的过程，其作用是同步双方的初始序号并确认双方的收发能力均正常，连接建立后双方进入ESTABLISHED状态。,,,,,,,,valid,,0,,2026-08-25T13:05:43.261130+00:00
626,624,4,计算机网络,5.9.2 TCP的连接释放,4,1,import,TCP连接释放是指通信双方在数据传输完成后，通过四次挥手过程终止TCP连接的操作。主动关闭方发送FIN=1的连接释放报文段，被动关闭方依次回复ACK并发送自己的FIN报文段，双方各自确认后连接关闭，主动关闭方还需经过TIME_WAIT状态等待2MSL后才真正进入CLOSED状态。,,,,,,,,valid,,1,,2026-08-25T13:05:43.261130+00:00
627,624,4,计算机网络,5.9.3 TCP的有限状态机,4,1,import,TCP的有限状态机是描述TCP连接从建立到释放全过程中所有可能状态及状态间转换关系的模型，共包含11种状态，用状态转换图刻画各状态在特定事件（应用进程调用、收到报文段、超时）触发下发生的转换。,,,,,,,,valid,,2,,2026-08-25T13:05:43.261130+00:00
628,,4,计算机网络,第6章 应用层,2,1,import,应用层为用户的应用进程提供网络通信服务，是OSI模型的最高层,,,,,,,,,,5,,2026-08-25T13:05:43.261130+00:00
629,628,4,计算机网络,6.1 域名系统DNS,3,1,import,域名系统DNS是互联网使用的命名系统，采用层次树状结构的命名方法，将便于人们记忆的域名转换为对应的IP地址，通过分布在全球的各级域名服务器协同完成域名到IP地址的解析服务。,,,,,,,,valid,,0,,2026-08-25T13:05:43.261130+00:00
630,629,4,计算机网络,6.1.1 域名系统概述,4,1,import,DNS是互联网的核心目录服务，实现域名到IP地址的映射,,,,,,,,valid,,0,,2026-08-25T13:05:43.261130+00:00
631,629,4,计算机网络,6.1.2 互联网的域名结构,4,1,import,互联网采用层次树状命名结构，域名由标号序列组成,,,,,,,,valid,,1,,2026-08-25T13:05:43.261130+00:00
632,629,4,计算机网络,6.1.3 域名服务器,4,1,import,域名服务器分为根域名服务器、顶级域名服务器、权限域名服务器和本地域名服务器,,,,,,,,valid,,2,,2026-08-25T13:05:43.261130+00:00
633,628,4,计算机网络,6.2 文件传送协议,3,1,import,FTP是互联网上最早使用的文件传输协议，提供可靠的文件传输服务,,,,,,,,valid,,1,,2026-08-25T13:05:43.261130+00:00
634,633,4,计算机网络,6.2.1 FTP概述,4,1,import,FTP采用客户服务器模式，使用两个并行TCP连接传输控制和数据,,,,,,,,valid,,0,,2026-08-25T13:05:43.261130+00:00
635,633,4,计算机网络,6.2.2 FTP的基本工作原理,4,1,import,FTP使用控制连接(端口21)传输命令，数据连接(端口20)传输文件数据,,,,,,,,valid,,1,,2026-08-25T13:05:43.261130+00:00
636,633,4,计算机网络,6.2.3 简单文件传送协议TFTP,4,1,import,TFTP是基于UDP的简单文件传送协议，适用于小文件传输,,,,,,,,valid,,2,,2026-08-25T13:05:43.261130+00:00
637,628,4,计算机网络,6.3 远程终端协议TELNET,3,1,import,TELNET提供远程登录功能，使用户能够远程操控另一台计算机,,,,,,,,valid,,2,,2026-08-25T13:05:43.261130+00:00
638,628,4,计算机网络,6.4 万维网WWW,3,1,import,万维网是基于超文本的分布式信息系统，通过URL定位资源,,,,,,,,valid,,3,,2026-08-25T13:05:43.261130+00:00
639,638,4,计算机网络,6.4.1 万维网概述,4,1,import,万维网采用客户服务器方式，浏览器是客户，服务器存储网页,,,,,,,,valid,,0,,2026-08-25T13:05:43.261130+00:00
640,638,4,计算机网络,6.4.2 统一资源定位符URL,4,1,import,URL用于唯一标识互联网资源位置，包含协议、主机、端口和路径,,,,,,,,valid,,1,,2026-08-25T13:05:43.261130+00:00
641,638,4,计算机网络,6.4.3 超文本传送协议HTTP,4,1,import,HTTP是万维网的基础协议，采用请求响应模式传输超文本,,,,,,,,valid,,2,,2026-08-25T13:05:43.261130+00:00
642,638,4,计算机网络,6.4.4 万维网的文档,4,1,import,万维网文档包括HTML、XML和动态文档CGI等格式,,,,,,,,valid,,3,,2026-08-25T13:05:43.261130+00:00
643,638,4,计算机网络,6.4.5 万维网的信息检索系统,4,1,import,信息检索系统通过搜索引擎在万维网上搜索和组织信息,,,,,,,,valid,,4,,2026-08-25T13:05:43.261130+00:00
644,638,4,计算机网络,6.4.6 博客和微博,4,1,import,博客是个人网页发布系统，微博是微博客的简称,,,,,,,,valid,,5,,2026-08-25T13:05:43.261130+00:00
645,638,4,计算机网络,6.4.7 社交网站,4,1,import,社交网站允许用户建立个人资料并与其他用户互动交流,,,,,,,,valid,,6,,2026-08-25T13:05:43.261130+00:00
646,628,4,计算机网络,6.5 电子邮件,3,1,import,电子邮件是互联网最早的应用之一，提供异步消息传递服务,,,,,,,,valid,,4,,2026-08-25T13:05:43.261130+00:00
647,646,4,计算机网络,6.5.1 电子邮件概述,4,1,import,电子邮件系统由用户代理、邮件服务器和邮件协议组成,,,,,,,,valid,,0,,2026-08-25T13:05:43.261130+00:00
648,646,4,计算机网络,6.5.2 简单邮件传送协议SMTP,4,1,import,SMTP是电子邮件发送协议，使用TCP连接传输邮件,,,,,,,,valid,,1,,2026-08-25T13:05:43.261130+00:00
649,646,4,计算机网络,6.5.3 电子邮件的信息格式,4,1,import,电子邮件由信封和内容两部分组成，内容包括首部和主体,,,,,,,,valid,,2,,2026-08-25T13:05:43.261130+00:00
650,646,4,计算机网络,6.5.4 邮件读取协议POP3和IMAP,4,1,import,POP3和IMAP用于从邮件服务器读取邮件，POP3下载后删除服务器副本,,,,,,,,valid,,3,,2026-08-25T13:05:43.261130+00:00
651,646,4,计算机网络,6.5.5 基于万维网的电子邮件,4,1,import,用户通过浏览器访问Web邮件服务收发电子邮件,,,,,,,,valid,,4,,2026-08-25T13:05:43.261130+00:00
652,646,4,计算机网络,6.5.6 通用互联网邮件扩充MIME,4,1,import,MIME扩展了电子邮件支持的数据类型，允许传输非ASCII内容,,,,,,,,valid,,5,,2026-08-25T13:05:43.261130+00:00
653,628,4,计算机网络,6.6 动态主机配置协议DHCP,3,1,import,DHCP允许主机自动获取IP地址等网络配置参数,,,,,,,,valid,,5,,2026-08-25T13:05:43.261130+00:00
654,628,4,计算机网络,6.7 简单网络管理协议SNMP,3,1,import,SNMP用于网络设备的管理和监控，采用轮询机制,,,,,,,,valid,,6,,2026-08-25T13:05:43.261130+00:00
655,654,4,计算机网络,6.7.1 网络管理的基本概念,4,1,import,网络管理包括配置管理、故障管理、性能管理、计费管理和安全管理,,,,,,,,valid,,0,,2026-08-25T13:05:43.261130+00:00
656,654,4,计算机网络,6.7.2 管理信息结构SMI,4,1,import,SMI定义了管理对象的命名规则和数据类型,,,,,,,,valid,,1,,2026-08-25T13:05:43.261130+00:00
657,654,4,计算机网络,6.7.3 管理信息库MIB,4,1,import,MIB是被管理对象的集合，存储在网络设备中供SNMP查询,,,,,,,,valid,,2,,2026-08-25T13:05:43.261130+00:00
658,654,4,计算机网络,6.7.4 SNMP的协议数据单元和报文,4,1,import,SNMP使用UDP传输，定义了Get、Set和Trap等操作,,,,,,,,valid,,3,,2026-08-25T13:05:43.261130+00:00
659,628,4,计算机网络,6.8 应用进程跨越网络的通信,3,1,import,应用进程通过系统调用使用运输层服务进行网络通信,,,,,,,,valid,,7,,2026-08-25T13:05:43.261130+00:00
660,659,4,计算机网络,6.8.1 系统调用和应用编程接口,4,1,import,系统调用是操作系统提供给应用程序的接口，API封装了网络功能,,,,,,,,valid,,0,,2026-08-25T13:05:43.261130+00:00
661,659,4,计算机网络,6.8.2 几种常用的系统调用,4,1,import,几种常用的系统调用是指应用进程在通过套接字进行网络通信时，为完成创建套接字、建立连接、传输数据和释放连接等操作而调用的操作系统内核函数，主要包括socket、bind、listen、accept、connect、send、recv和close等。,,,,,,,,valid,,1,,2026-08-25T13:05:43.261130+00:00
662,628,4,计算机网络,6.9 P2P应用,3,1,import,P2P是去中心化的对等网络应用模式，节点既是客户又是服务器,,,,,,,,valid,,8,,2026-08-25T13:05:43.261130+00:00
663,662,4,计算机网络,6.9.1 具有集中目录服务器的P2P工作方式,4,1,import,早期P2P使用集中目录服务器索引文件位置,,,,,,,,valid,,0,,2026-08-25T13:05:43.261130+00:00
664,662,4,计算机网络,6.9.2 具有全分布式结构的P2P文件共享程序,4,1,import,全分布式P2P无中心节点，通过泛洪搜索资源,,,,,,,,valid,,1,,2026-08-25T13:05:43.261130+00:00
665,662,4,计算机网络,6.9.3 P2P文件分发的分析,4,1,import,P2P文件分发时间与节点数近似对数关系，优于C/S模式,,,,,,,,valid,,2,,2026-08-25T13:05:43.261130+00:00
666,662,4,计算机网络,6.9.4 在P2P对等方中搜索对象,4,1,import,P2P搜索通过分布式哈希表DHT实现高效资源定位,,,,,,,,valid,,3,,2026-08-25T13:05:43.261130+00:00
667,,4,计算机网络,第7章 网络安全,2,1,import,网络安全研究如何保护网络系统中的数据和资源免受攻击和威胁,,,,,,,,,,6,,2026-08-25T13:05:43.261130+00:00
668,667,4,计算机网络,7.1 网络安全问题概述,3,1,import,网络面临被动攻击和主动攻击两大类安全威胁,,,,,,,,valid,,0,,2026-08-25T13:05:43.261130+00:00
669,668,4,计算机网络,7.1.1 计算机网络面临的安全性威胁,4,1,import,主要威胁包括截获、篡改、伪造和中断等攻击方式,,,,,,,,valid,,0,,2026-08-25T13:05:43.261130+00:00
670,668,4,计算机网络,7.1.2 安全的计算机网络,4,1,import,安全网络需提供机密性、端点鉴别、完整性和可用性服务,,,,,,,,valid,,1,,2026-08-25T13:05:43.261130+00:00
671,668,4,计算机网络,7.1.3 数据加密模型,4,1,import,加密模型包括明文、密文、加密算法、解密算法和密钥,,,,,,,,valid,,2,,2026-08-25T13:05:43.261130+00:00
672,667,4,计算机网络,7.2 两类密码体制,3,1,import,密码体制分为对称密钥体制和公钥密码体制两类,,,,,,,,valid,,1,,2026-08-25T13:05:43.261130+00:00
673,672,4,计算机网络,7.2.1 对称密钥密码体制,4,1,import,对称密钥使用同一密钥加密和解密，密钥需安全分发,,,,,,,,valid,,0,,2026-08-25T13:05:43.261130+00:00
674,672,4,计算机网络,7.2.2 公钥密码体制,4,1,import,公钥密码使用不同密钥加密和解密，公钥公开私钥保密,,,,,,,,valid,,1,,2026-08-25T13:05:43.261130+00:00
675,667,4,计算机网络,7.3 数字签名,3,1,import,数字签名提供身份认证、完整性和不可否认性服务,,,,,,,,valid,,2,,2026-08-25T13:05:43.261130+00:00
676,667,4,计算机网络,7.4 鉴别,3,1,import,鉴别是验证通信实体身份的过程，防止身份伪造,,,,,,,,valid,,3,,2026-08-25T13:05:43.261130+00:00
677,676,4,计算机网络,7.4.1 报文鉴别,4,1,import,报文鉴别验证消息完整性和来源，使用MAC或数字签名,,,,,,,,valid,,0,,2026-08-25T13:05:43.261130+00:00
678,676,4,计算机网络,7.4.2 实体鉴别,4,1,import,实体鉴别验证通信方身份，使用一次性Nonce防止重放,,,,,,,,valid,,1,,2026-08-25T13:05:43.261130+00:00
679,667,4,计算机网络,7.5 密钥分配,3,1,import,密钥分配解决安全分发密钥的问题,,,,,,,,valid,,4,,2026-08-25T13:05:43.261130+00:00
680,679,4,计算机网络,7.5.1 对称密钥的分配,4,1,import,对称密钥通过KDC分发，使用主密钥保护会话密钥,,,,,,,,valid,,0,,2026-08-25T13:05:43.261130+00:00
681,679,4,计算机网络,7.5.2 公钥的分配,4,1,import,公钥通过数字证书和CA机构进行认证分配,,,,,,,,valid,,1,,2026-08-25T13:05:43.261130+00:00
682,667,4,计算机网络,7.6 互联网使用的安全协议,3,1,import,互联网安全协议在网络各层提供安全保障,,,,,,,,valid,,5,,2026-08-25T13:05:43.261130+00:00
683,682,4,计算机网络,7.6.1 网络层安全协议,4,1,import,IPSec在网络层提供安全服务，支持隧道和传输模式,,,,,,,,valid,,0,,2026-08-25T13:05:43.261130+00:00
684,682,4,计算机网络,7.6.2 运输层安全协议,4,1,import,SSL/TLS在运输层提供安全服务，保护应用层数据,,,,,,,,valid,,1,,2026-08-25T13:05:43.261130+00:00
685,682,4,计算机网络,7.6.3 应用层安全协议,4,1,import,PGP和S/MIME等协议为电子邮件提供端到端安全,,,,,,,,valid,,2,,2026-08-25T13:05:43.261130+00:00
686,667,4,计算机网络,7.7 系统安全：防火墙与入侵检测,3,1,import,防火墙和入侵检测系统是网络安全的重要防御手段,,,,,,,,valid,,6,,2026-08-25T13:05:43.261130+00:00
687,686,4,计算机网络,7.7.1 防火墙,4,1,import,防火墙是网络边界安全设备，控制进出网络的数据流,,,,,,,,valid,,0,,2026-08-25T13:05:43.261130+00:00
688,686,4,计算机网络,7.7.2 入侵检测系统,4,1,import,IDS监控网络流量，检测可疑活动并发出警报,,,,,,,,valid,,1,,2026-08-25T13:05:43.261130+00:00
689,667,4,计算机网络,7.8 一些未来的发展方向,3,1,import,网络安全技术向量子密码、人工智能安全等方向发展,,,,,,,,valid,,7,,2026-08-25T13:05:43.261130+00:00
690,,4,计算机网络,第8章 互联网上的音频/视频服务,2,1,import,,,,,,,,,,,7,,2026-08-25T13:05:43.261130+00:00
691,690,4,计算机网络,8.1 概述,3,1,import,互联网音视频服务分为流式存储、实时交互和流式直播三类,,,,,,,,valid,,0,,2026-08-25T13:05:43.261130+00:00
692,690,4,计算机网络,8.2 流式存储音频/视频,3,1,import,流式存储允许用户边下载边播放，无需完整下载,,,,,,,,valid,,1,,2026-08-25T13:05:43.261130+00:00
693,692,4,计算机网络,8.2.1 具有元文件的万维网服务器,4,1,import,元文件描述媒体位置信息，浏览器通过元文件获取视频流,,,,,,,,valid,,0,,2026-08-25T13:05:43.261130+00:00
694,692,4,计算机网络,8.2.2 媒体服务器,4,1,import,媒体服务器专门提供音视频流媒体服务，支持断点续传,,,,,,,,valid,,1,,2026-08-25T13:05:43.261130+00:00
695,692,4,计算机网络,8.2.3 实时流式协议RTSP,4,1,import,RTSP是流媒体控制协议，提供播放、暂停、快进等操作,,,,,,,,valid,,2,,2026-08-25T13:05:43.261130+00:00
696,690,4,计算机网络,8.3 交互式音频/视频,3,1,import,交互式音视频如IP电话和视频会议，需要实时双向通信,,,,,,,,valid,,2,,2026-08-25T13:05:43.261130+00:00
697,696,4,计算机网络,8.3.1 IP电话概述,4,1,import,IP电话通过互联网传输语音，比传统电话成本更低,,,,,,,,valid,,0,,2026-08-25T13:05:43.261130+00:00
698,696,4,计算机网络,8.3.2 IP电话所需要的几种应用协议,4,1,import,IP电话需要RTP、RTCP、SIP/H.323等协议协同工作,,,,,,,,valid,,1,,2026-08-25T13:05:43.261130+00:00
699,696,4,计算机网络,8.3.3 实时运输协议RTP,4,1,import,RTP为实时数据提供端到端传输服务，包含时间戳和序列号,,,,,,,,valid,,2,,2026-08-25T13:05:43.261130+00:00
700,696,4,计算机网络,8.3.4 实时运输控制协议RTCP,4,1,import,RTCP监控RTP传输质量，提供反馈和统计信息,,,,,,,,valid,,3,,2026-08-25T13:05:43.261130+00:00
701,696,4,计算机网络,8.3.5 H.323,4,1,import,H.323是ITU-T制定的多媒体通信标准，用于IP电话和视频会议,,,,,,,,valid,,4,,2026-08-25T13:05:43.261130+00:00
702,696,4,计算机网络,8.3.6 会话发起协议SIP,4,1,import,SIP是IETF制定的应用层信令协议，用于建立和终止多媒体会话,,,,,,,,valid,,5,,2026-08-25T13:05:43.261130+00:00
703,690,4,计算机网络,"8.4 改进""尽最大努力交付""的服务",3,1,import,通过QoS机制为音视频等实时应用提供更好的网络服务质量,,,,,,,,valid,,3,,2026-08-25T13:05:43.261130+00:00
704,703,4,计算机网络,8.4.1 使互联网提供服务质量,4,1,import,QoS通过资源预留、流量工程等技术改善网络服务质量,,,,,,,,valid,,0,,2026-08-25T13:05:43.261130+00:00
705,703,4,计算机网络,8.4.2 调度和管制机制,4,1,import,调度机制决定数据包发送顺序，管制机制限制流量速率,,,,,,,,valid,,1,,2026-08-25T13:05:43.261130+00:00
706,703,4,计算机网络,8.4.3 综合服务IntServ与资源预留协议RSVP,4,1,import,IntServ通过RSVP预留网络资源，提供端到端QoS,,,,,,,,valid,,2,,2026-08-25T13:05:43.261130+00:00
707,703,4,计算机网络,8.4.4 区分服务DiffServ,4,1,import,DiffServ通过DSCP标记区分不同服务等级，比IntServ可扩展,,,,,,,,valid,,3,,2026-08-25T13:05:43.261130+00:00
708,,4,计算机网络,第9章 无线网络和移动网络,2,1,import,,,,,,,,,,,8,,2026-08-25T13:05:43.261130+00:00
709,708,4,计算机网络,9.1 无线局域网WLAN,3,1,import,WLAN使用无线方式组建局域网，典型标准为802.11系列,,,,,,,,valid,,0,,2026-08-25T13:05:43.261130+00:00
710,709,4,计算机网络,9.1.1 无线局域网的组成,4,1,import,WLAN由接入点AP和站点STA组成，支持基础设施和自组织模式,,,,,,,,valid,,0,,2026-08-25T13:05:43.261130+00:00
711,709,4,计算机网络,9.1.2 802.11局域网的物理层,4,1,import,802.11定义了多种物理层标准，支持不同频段和速率,,,,,,,,valid,,1,,2026-08-25T13:05:43.261130+00:00
712,709,4,计算机网络,9.1.3 802.11局域网的MAC层协议,4,1,import,802.11使用CSMA/CA避免碰撞，与以太网CSMA/CD不同,,,,,,,,valid,,2,,2026-08-25T13:05:43.261130+00:00
713,709,4,计算机网络,9.1.4 802.11局域网的MAC帧,4,1,import,802.11 MAC帧包含控制、管理和数据帧三种类型,,,,,,,,valid,,3,,2026-08-25T13:05:43.261130+00:00
714,708,4,计算机网络,9.2 无线个人区域网WPAN,3,1,import,WPAN用于短距离设备间通信，典型技术为蓝牙,,,,,,,,valid,,1,,2026-08-25T13:05:43.261130+00:00
715,708,4,计算机网络,9.3 无线城域网WMAN,3,1,import,WMAN提供城域范围的无线宽带接入，典型标准为WiMAX,,,,,,,,valid,,2,,2026-08-25T13:05:43.261130+00:00
716,708,4,计算机网络,9.4 蜂窝移动通信网,3,1,import,蜂窝移动通信使用小区划分实现大范围无线覆盖和移动支持,,,,,,,,valid,,3,,2026-08-25T13:05:43.261130+00:00
717,716,4,计算机网络,9.4.1 蜂窝无线通信技术简介,4,1,import,蜂窝通信从1G发展到5G，每代技术在速率和功能上显著提升,,,,,,,,valid,,0,,2026-08-25T13:05:43.261130+00:00
718,716,4,计算机网络,9.4.2 移动IP,4,1,import,移动IP使移动设备在切换网络时保持IP地址不变,,,,,,,,valid,,1,,2026-08-25T13:05:43.261130+00:00
719,716,4,计算机网络,9.4.3 蜂窝移动通信网中对移动用户的路由选择,4,1,import,移动用户路由需经过归属网络和访问网络的协同,,,,,,,,valid,,2,,2026-08-25T13:05:43.261130+00:00
720,716,4,计算机网络,9.4.4 GSM中的切换,4,1,import,GSM切换包括同一MSC内和跨MSC切换两种类型,,,,,,,,valid,,3,,2026-08-25T13:05:43.261130+00:00
721,716,4,计算机网络,9.4.5 无线网络对高层协议的影响,4,1,import,无线链路的高误码率和延迟影响TCP等高层协议性能,,,,,,,,valid,,4,,2026-08-25T13:05:43.261130+00:00
722,708,4,计算机网络,9.5 两种不同的无线上网,3,1,import,无线上网分为通过WLAN接入和通过蜂窝网络接入两种方式,,,,,,,,valid,,4,,2026-08-25T13:05:43.261130+00:00
723,,5,操作系统,第1章 计算机系统概述,2,1,import,操作系统是管理计算机硬件与软件资源的系统软件，是用户与计算机硬件之间的接口。,,,,,,,,,,0,,2026-08-25T14:36:59.986259+00:00
724,723,5,操作系统,1.1 操作系统的基本概念,3,1,import,从功能、特征和目标等角度全面理解操作系统的本质属性和存在意义。,,,,,,,,valid,,0,,2026-08-25T14:36:59.986259+00:00
725,724,5,操作系统,1.1.1 操作系统的概念,4,1,import,操作系统是控制和管理计算机系统内各种硬件和软件资源、合理组织计算机工作流程的系统软件。,,,,,,,,valid,,0,,2026-08-25T14:36:59.986259+00:00
726,724,5,操作系统,1.1.2 操作系统的功能和目标,4,1,import,操作系统的核心功能包括处理器管理、存储器管理、设备管理和文件管理，目标是方便、高效和安全。,,,,,,,,valid,,1,,2026-08-25T14:36:59.986259+00:00
727,724,5,操作系统,1.1.3 操作系统的特征,4,1,import,操作系统具有并发、共享、虚拟和异步四个基本特征，其中并发和共享是基础特征。,,,,,,,,valid,,2,,2026-08-25T14:36:59.986259+00:00
728,723,5,操作系统,1.2 操作系统发展历程,3,1,import,操作系统从手工操作到批处理、分时、实时、网络和分布式系统的演进过程。,,,,,,,,valid,,1,,2026-08-25T14:36:59.986259+00:00
729,728,5,操作系统,1.2.1 手工操作阶段（未配置操作系统）,4,1,import,早期计算机通过穿孔纸带手工输入程序，CPU大量时间处于空闲状态，效率极低。,,,,,,,,valid,,0,,2026-08-25T14:36:59.986259+00:00
730,728,5,操作系统,1.2.2 批处理阶段（操作系统开始出现）,4,1,import,将多个作业成批提交计算机，由监控程序自动调度执行，分为单道和多道批处理系统。,,,,,,,,valid,,1,,2026-08-25T14:36:59.986259+00:00
731,728,5,操作系统,1.2.3 分时操作系统,4,1,import,采用时间片轮转方式为多个用户提供交互式服务，使用户感觉独占计算机。,,,,,,,,valid,,2,,2026-08-25T14:36:59.986259+00:00
732,728,5,操作系统,1.2.4 实时操作系统,4,1,import,在严格时间限制内响应外部事件并完成处理任务的系统，分为硬实时和软实时。,,,,,,,,valid,,3,,2026-08-25T14:36:59.986259+00:00
733,728,5,操作系统,1.2.5 网络操作系统和分布式系统,4,1,import,网络操作系统提供网络管理和资源共享，分布式系统将任务分布到多台计算机协同完成。,,,,,,,,valid,,4,,2026-08-25T14:36:59.986259+00:00
734,728,5,操作系统,1.2.6 微机操作系统,4,1,import,面向个人计算机的操作系统，从单用户单任务发展到多用户多任务，代表有DOS、Windows、Linux等。,,,,,,,,valid,,5,,2026-08-25T14:36:59.986259+00:00
735,723,5,操作系统,1.3 操作系统的运行环境,3,1,import,操作系统运行所需的硬件支持和软件环境，包括内核结构、处理机模式和中断机制。,,,,,,,,valid,,2,,2026-08-25T14:36:59.986259+00:00
736,735,5,操作系统,1.3.1 操作系统内核,4,1,import,操作系统内核是操作系统最基本的部分，管理系统的事务处理、中断、异常和系统调用等。,,,,,,,,valid,,0,,2026-08-25T14:36:59.986259+00:00
737,735,5,操作系统,1.3.2 处理机的双重工作模式,4,1,import,处理机分为用户态和内核态两种模式，用户态程序不能直接访问内核态资源，需通过系统调用。,,,,,,,,valid,,1,,2026-08-25T14:36:59.986259+00:00
738,735,5,操作系统,1.3.3 中断和异常的概念,4,1,import,中断是由外部设备引起的异步事件，异常是CPU执行指令时产生的同步事件，两者都是操作系统获得控制权的手段。,,,,,,,,valid,,2,,2026-08-25T14:36:59.986259+00:00
739,735,5,操作系统,1.3.4 系统调用,4,1,import,操作系统提供给应用程序的接口，用户程序通过系统调用请求操作系统服务，实现从用户态到内核态的切换。,,,,,,,,valid,,3,,2026-08-25T14:36:59.986259+00:00
740,723,5,操作系统,1.4 操作系统结构,3,1,import,操作系统的整体架构设计方式，包括模块化、分层、微内核和外核等结构。,,,,,,,,valid,,3,,2026-08-25T14:36:59.986259+00:00
741,723,5,操作系统,1.5 操作系统引导,3,1,import,计算机加电后操作系统从存储设备加载到内存并开始执行的过程，包括BIOS自检和引导程序加载。,,,,,,,,valid,,4,,2026-08-25T14:36:59.986259+00:00
742,723,5,操作系统,1.6 虚拟机,3,1,import,通过软件模拟完整计算机硬件环境，使一台物理机可同时运行多个操作系统实例的技术。,,,,,,,,valid,,5,,2026-08-25T14:36:59.986259+00:00
743,742,5,操作系统,1.6.1 虚拟机的基本概念,4,1,import,虚拟机是一种软件实现的计算机，它在物理计算机之上模拟出完整的硬件环境供操作系统运行。,,,,,,,,valid,,0,,2026-08-25T14:36:59.986259+00:00
744,,5,操作系统,第2章 进程与线程,2,1,import,操作系统对进程的创建、调度、同步、通信和撤销等全生命周期的管理。,,,,,,,,,,1,,2026-08-25T14:36:59.986259+00:00
745,744,5,操作系统,2.1 进程与线程简介,3,1,import,进程是程序的一次执行过程，是资源分配的基本单位；线程是进程中的执行单元，是CPU调度的基本单位。,,,,,,,,valid,,0,,2026-08-25T14:36:59.986259+00:00
746,745,5,操作系统,2.1.1 进程的概念和特征,4,1,import,进程是程序在处理器上的一次执行过程，具有动态性、并发性、独立性和异步性等特征。,,,,,,,,valid,,0,,2026-08-25T14:36:59.986259+00:00
747,745,5,操作系统,2.1.2 进程的组成,4,1,import,进程由程序段、数据段和进程控制块(PCB)三部分组成，PCB是进程存在的唯一标志。,,,,,,,,valid,,1,,2026-08-25T14:36:59.986259+00:00
748,745,5,操作系统,2.1.3 进程的内存映像,4,1,import,进程在内存中的布局，从低地址到高地址依次为代码段、数据段、堆和栈。,,,,,,,,valid,,2,,2026-08-25T14:36:59.986259+00:00
749,745,5,操作系统,2.1.4 进程的状态与转换,4,1,import,进程在生命周期中经历创建、就绪、运行、阻塞和终止五种基本状态，并按一定规则转换。,,,,,,,,valid,,3,,2026-08-25T14:36:59.986259+00:00
750,745,5,操作系统,2.1.5 进程控制,4,1,import,操作系统对进程生命周期的管理，包括进程创建、终止、阻塞和唤醒等操作。,,,,,,,,valid,,4,,2026-08-25T14:36:59.986259+00:00
751,745,5,操作系统,2.1.6 进程的通信,4,1,import,进程间交换数据和信息的方式，包括共享内存、消息传递和管道通信等机制。,,,,,,,,valid,,5,,2026-08-25T14:36:59.986259+00:00
752,745,5,操作系统,2.1.7 线程和多线程模型,4,1,import,线程是进程内的轻量级执行单元，多线程模型包括多对一、一对一和多对多三种类型。,,,,,,,,valid,,6,,2026-08-25T14:36:59.986259+00:00
753,744,5,操作系统,2.2 CPU调度,3,1,import,操作系统按照一定策略从就绪队列中选择一个进程分配CPU资源的过程。,,,,,,,,valid,,1,,2026-08-25T14:36:59.986259+00:00
754,753,5,操作系统,2.2.1 调度的概念,4,1,import,调度是从就绪进程队列中按照一定算法选择一个进程并将CPU分配给它运行的过程。,,,,,,,,valid,,0,,2026-08-25T14:36:59.986259+00:00
755,753,5,操作系统,2.2.2 进程调度,4,1,import,决定哪个就绪进程获得CPU使用权的过程，分为抢占式和非抢占式两种方式。,,,,,,,,valid,,1,,2026-08-25T14:36:59.986259+00:00
756,753,5,操作系统,2.2.3 调度的目标,4,1,import,CPU调度需要实现的目标包括CPU利用率高、系统吞吐量大、周转时间短、响应时间快和公平性等。,,,,,,,,valid,,2,,2026-08-25T14:36:59.986259+00:00
757,753,5,操作系统,2.2.4 进程切换,4,1,import,当CPU从一个进程切换到另一个进程时，需要保存当前进程的上下文并恢复新进程的上下文。,,,,,,,,valid,,3,,2026-08-25T14:36:59.986259+00:00
758,753,5,操作系统,2.2.5 CPU调度算法,4,1,import,常见的调度算法包括先来先服务、短作业优先、优先级调度、时间片轮转和多级反馈队列等。,,,,,,,,valid,,4,,2026-08-25T14:36:59.986259+00:00
759,753,5,操作系统,2.2.6 多处理机调度,4,1,import,在多处理器环境下，进程如何在多个CPU之间分配和调度的问题，包括对称和非对称多处理。,,,,,,,,valid,,5,,2026-08-25T14:36:59.986259+00:00
760,744,5,操作系统,2.3 同步与互斥,3,1,import,协调多个进程对共享资源的访问，保证进程间正确的执行顺序和数据一致性。,,,,,,,,valid,,2,,2026-08-25T14:36:59.986259+00:00
761,760,5,操作系统,2.3.1 同步与互斥的基本概念,4,1,import,互斥指多个进程不能同时使用同一资源，同步指进程间按预定顺序协调执行。,,,,,,,,valid,,0,,2026-08-25T14:36:59.986259+00:00
762,760,5,操作系统,2.3.2 实现临界区互斥的基本方法,4,1,import,包括软件方法（如Peterson算法）和硬件方法（如中断禁用、硬件指令）实现临界区互斥。,,,,,,,,valid,,1,,2026-08-25T14:36:59.986259+00:00
763,760,5,操作系统,2.3.3 互斥锁,4,1,import,互斥锁是最简单的同步工具，通过lock和unlock操作保证同一时刻只有一个进程进入临界区。,,,,,,,,valid,,2,,2026-08-25T14:36:59.986259+00:00
764,760,5,操作系统,2.3.4 信号量,4,1,import,信号量是一种用于进程同步和互斥的整型变量，通过P(wait)和V(signal)操作实现。,,,,,,,,valid,,3,,2026-08-25T14:36:59.986259+00:00
765,760,5,操作系统,2.3.5 经典同步问题,4,1,import,包括生产者-消费者、读者-写者、哲学家就餐等经典问题，是同步机制的典型应用。,,,,,,,,valid,,4,,2026-08-25T14:36:59.986259+00:00
766,760,5,操作系统,2.3.6 管程,4,1,import,管程是将共享数据和对数据的操作封装在一起的同步机制，内部只能有一个进程执行。,,,,,,,,valid,,5,,2026-08-25T14:36:59.986259+00:00
767,744,5,操作系统,2.4 死锁,3,1,import,多个进程因竞争资源而造成互相等待的僵局状态，若无外力作用则无法继续执行。,,,,,,,,valid,,3,,2026-08-25T14:36:59.986259+00:00
768,767,5,操作系统,2.4.1 死锁的概念,4,1,import,死锁是指两个或多个进程因竞争资源而相互等待，且无法自行解除的状态。,,,,,,,,valid,,0,,2026-08-25T14:36:59.986259+00:00
769,767,5,操作系统,2.4.2 死锁预防,4,1,import,通过破坏死锁的四个必要条件之一来防止死锁发生，如一次申请所有资源、剥夺资源等。,,,,,,,,valid,,1,,2026-08-25T14:36:59.986259+00:00
770,767,5,操作系统,2.4.3 死锁避免,4,1,import,在资源分配时动态检查系统安全性，若分配后可能导致不安全状态则拒绝分配。,,,,,,,,valid,,2,,2026-08-25T14:36:59.986259+00:00
771,767,5,操作系统,2.4.4 死锁检测与解除,4,1,import,允许死锁发生，通过检测算法发现死锁并采取措施解除，如终止进程或资源剥夺。,,,,,,,,valid,,3,,2026-08-25T14:36:59.986259+00:00
772,,5,操作系统,第3章 内存管理,2,1,import,操作系统对内存资源的分配、保护、扩充和回收的管理功能。,,,,,,,,,,2,,2026-08-25T14:36:59.986259+00:00
773,772,5,操作系统,3.1 内存管理概念,3,1,import,内存管理的基本原理和各种存储分配方式，包括连续分配、分页、分段和段页式管理。,,,,,,,,valid,,0,,2026-08-25T14:36:59.986259+00:00
774,773,5,操作系统,3.1.1 内存管理的基本原理和要求,4,1,import,内存管理需实现内存的分配与回收、地址转换、内存保护和内存扩充等功能。,,,,,,,,valid,,0,,2026-08-25T14:36:59.986259+00:00
775,773,5,操作系统,3.1.2 连续分配管理方式,4,1,import,为用户程序分配连续的内存空间，包括单一连续分配、固定分区和动态分区分配。,,,,,,,,valid,,1,,2026-08-25T14:36:59.986259+00:00
776,773,5,操作系统,3.1.3 基本分页存储管理,4,1,import,将进程的逻辑地址空间等分为页，物理内存等分为页框，通过页表实现逻辑地址到物理地址的映射。,,,,,,,,valid,,2,,2026-08-25T14:36:59.986259+00:00
777,773,5,操作系统,3.1.4 基本分段存储管理,4,1,import,按照程序的逻辑结构将进程地址空间分为若干段，每段有独立的段表项进行地址映射。,,,,,,,,valid,,3,,2026-08-25T14:36:59.986259+00:00
778,773,5,操作系统,3.1.5 段页式存储管理,4,1,import,先将进程分段，再将每段分页，结合分段和分页优点的存储管理方式。,,,,,,,,valid,,4,,2026-08-25T14:36:59.986259+00:00
779,772,5,操作系统,3.2 虚拟内存管理,3,1,import,通过请求调页和页面置换技术，使进程的逻辑地址空间可以大于物理内存空间。,,,,,,,,valid,,1,,2026-08-25T14:36:59.986259+00:00
780,779,5,操作系统,3.2.1 虚拟内存的基本概念,4,1,import,虚拟内存利用局部性原理，将部分页面驻留内存，其余驻留外存，实现逻辑地址空间大于物理内存。,,,,,,,,valid,,0,,2026-08-25T14:36:59.986259+00:00
781,779,5,操作系统,3.2.2 请求分页管理方式,4,1,import,在基本分页基础上增加请求功能，仅装入部分页面即可执行，需要时再调入其他页面。,,,,,,,,valid,,1,,2026-08-25T14:36:59.986259+00:00
782,779,5,操作系统,3.2.3 页框分配,4,1,import,操作系统为进程分配物理页框的策略，包括固定分配和可变分配，以及局部置换和全局置换。,,,,,,,,valid,,2,,2026-08-25T14:36:59.986259+00:00
783,779,5,操作系统,3.2.4 页面置换算法,4,1,import,当内存不足时选择哪个页面调出的算法，包括OPT、FIFO、LRU、Clock等算法。,,,,,,,,valid,,3,,2026-08-25T14:36:59.986259+00:00
784,779,5,操作系统,3.2.5 抖动和工作集,4,1,import,抖动是因分配给进程的页框过少导致频繁缺页的现象，工作集是进程在一段时间内访问的页面集合。,,,,,,,,valid,,4,,2026-08-25T14:36:59.986259+00:00
785,779,5,操作系统,3.2.6 页框回收,4,1,import,当可用内存不足时，操作系统选择合适的页面写回磁盘以释放内存空间的过程。,,,,,,,,valid,,5,,2026-08-25T14:36:59.986259+00:00
786,779,5,操作系统,3.2.7 内存映射文件,4,1,import,将文件直接映射到进程的虚拟地址空间，使文件访问像内存访问一样简单高效。,,,,,,,,valid,,6,,2026-08-25T14:36:59.986259+00:00
787,779,5,操作系统,3.2.8 虚拟存储器性能影响因素,4,1,import,影响虚拟存储器性能的因素包括页大小、页框数、置换算法、局部性程度和磁盘速度等。,,,,,,,,valid,,7,,2026-08-25T14:36:59.986259+00:00
788,779,5,操作系统,3.2.9 地址翻译的示例,4,1,import,通过具体例子演示分页或分段系统中逻辑地址到物理地址的转换过程。,,,,,,,,valid,,8,,2026-08-25T14:36:59.986259+00:00
789,,5,操作系统,第4章 文件管理,2,1,import,操作系统对文件的组织、存储、检索、共享和保护的管理功能。,,,,,,,,,,3,,2026-08-25T14:36:59.986259+00:00
790,789,5,操作系统,4.1 文件系统基础,3,1,import,文件系统的基础概念，包括文件的定义、结构、属性和操作等。,,,,,,,,valid,,0,,2026-08-25T14:36:59.986259+00:00
791,790,5,操作系统,4.1.1 文件的基本概念,4,1,import,文件是具有文件名的一组相关信息的集合，是操作系统中信息存储的基本单位。,,,,,,,,valid,,0,,2026-08-25T14:36:59.986259+00:00
792,790,5,操作系统,4.1.2 文件系统结构,4,1,import,文件系统的层次结构，从用户接口到物理存储的多层抽象设计。,,,,,,,,valid,,1,,2026-08-25T14:36:59.986259+00:00
793,790,5,操作系统,4.1.3 文件的逻辑结构,4,1,import,文件的逻辑结构包括无结构文件（流式文件）和有结构文件（记录式文件）两种类型。,,,,,,,,valid,,2,,2026-08-25T14:36:59.986259+00:00
794,789,5,操作系统,4.2 目录与文件,3,1,import,目录用于组织和管理文件，文件控制块记录文件的元数据信息。,,,,,,,,valid,,1,,2026-08-25T14:36:59.986259+00:00
795,794,5,操作系统,4.2.1 目录的基本概念,4,1,import,目录是文件系统中用于组织和管理文件的特殊文件，记录了文件名到文件控制块的映射。,,,,,,,,valid,,0,,2026-08-25T14:36:59.986259+00:00
796,794,5,操作系统,4.2.2 文件控制块和索引节点,4,1,import,文件控制块(FCB)包含文件的所有属性信息，索引节点(inode)将文件描述信息从目录项中分离。,,,,,,,,valid,,1,,2026-08-25T14:36:59.986259+00:00
797,794,5,操作系统,4.2.3 目录结构,4,1,import,目录的组织方式，包括单级目录、两级目录、树形目录和图形目录结构等。,,,,,,,,valid,,2,,2026-08-25T14:36:59.986259+00:00
798,794,5,操作系统,4.2.4 目录的操作,4,1,import,目录的基本操作包括创建、删除、重命名、列出内容和查找文件等。,,,,,,,,valid,,3,,2026-08-25T14:36:59.986259+00:00
799,794,5,操作系统,4.2.5 目录实现,4,1,import,目录的实现方式包括线性列表和哈希表两种，各有优缺点和适用场景。,,,,,,,,valid,,4,,2026-08-25T14:36:59.986259+00:00
800,794,5,操作系统,4.2.6 文件的物理结构,4,1,import,文件在外存中的存储方式，包括连续分配、链接分配和索引分配三种方式。,,,,,,,,valid,,5,,2026-08-25T14:36:59.986259+00:00
801,794,5,操作系统,4.2.7 文件的操作,4,1,import,文件的基本操作包括创建、删除、读、写、重定位、打开和关闭等。,,,,,,,,valid,,6,,2026-08-25T14:36:59.986259+00:00
802,794,5,操作系统,4.2.8 文件共享,4,1,import,多个用户或进程可以同时访问同一文件的机制，包括硬链接和软链接两种方式。,,,,,,,,valid,,7,,2026-08-25T14:36:59.986259+00:00
803,794,5,操作系统,4.2.9 文件保护,4,1,import,保护文件免受未授权访问和误操作的机制，包括访问控制列表和权限位等方式。,,,,,,,,valid,,8,,2026-08-25T14:36:59.986259+00:00
804,789,5,操作系统,4.3 文件系统,3,1,import,文件系统的整体组织、存储空间管理和虚拟文件系统等概念。,,,,,,,,valid,,2,,2026-08-25T14:36:59.986259+00:00
805,804,5,操作系统,4.3.1 文件系统布局,4,1,import,文件系统在磁盘上的组织结构，包括引导块、超级块、空闲空间管理、根目录和数据区等。,,,,,,,,valid,,0,,2026-08-25T14:36:59.986259+00:00
806,804,5,操作系统,4.3.2 文件存储空间管理,4,1,import,操作系统管理文件存储空间的方法，包括空闲表法、空闲链表法、位示图法和成组链接法。,,,,,,,,valid,,1,,2026-08-25T14:36:59.986259+00:00
807,804,5,操作系统,4.3.3 虚拟文件系统,4,1,import,虚拟文件系统(VFS)为用户提供统一的文件系统接口，屏蔽不同文件系统的实现差异。,,,,,,,,valid,,2,,2026-08-25T14:36:59.986259+00:00
808,804,5,操作系统,4.3.4 文件系统挂载,4,1,import,将一个文件系统的根目录连接到系统目录树的某个节点上，使其可以被访问。,,,,,,,,valid,,3,,2026-08-25T14:36:59.986259+00:00
809,,5,操作系统,第5章 输入/输出管理,2,1,import,操作系统对输入输出设备的管理，包括设备管理、缓冲管理和磁盘管理等。,,,,,,,,,,4,,2026-08-25T14:36:59.986259+00:00
810,809,5,操作系统,5.1 I/O管理概述,3,1,import,I/O设备的分类、控制方式和I/O软件的层次结构概述。,,,,,,,,valid,,0,,2026-08-25T14:36:59.986259+00:00
811,810,5,操作系统,5.1.1 I/O设备,4,1,import,I/O设备是计算机与外部世界交互的硬件设备，按数据传输单位分为块设备和字符设备。,,,,,,,,valid,,0,,2026-08-25T14:36:59.986259+00:00
812,810,5,操作系统,5.1.2 I/O控制方式,4,1,import,CPU与设备之间的数据传输控制方式，包括程序直接控制、中断驱动、DMA和通道控制。,,,,,,,,valid,,1,,2026-08-25T14:36:59.986259+00:00
813,810,5,操作系统,5.1.3 I/O软件层次结构,4,1,import,I/O软件从用户层到硬件层的层次化设计，每层提供不同级别的抽象和功能。,,,,,,,,valid,,2,,2026-08-25T14:36:59.986259+00:00
814,810,5,操作系统,5.1.4 应用程序I/O接口,4,1,import,操作系统提供给应用程序的I/O接口类型，包括阻塞、非阻塞、同步和异步等接口。,,,,,,,,valid,,3,,2026-08-25T14:36:59.986259+00:00
815,809,5,操作系统,5.2 设备独立性软件,3,1,import,实现设备独立性的软件层，提供统一的设备访问接口和通用功能。,,,,,,,,valid,,1,,2026-08-25T14:36:59.986259+00:00
816,815,5,操作系统,5.2.1 设备独立性软件,4,1,import,设备独立性软件提供统一的设备命名、保护、缓冲管理和设备分配与释放等功能。,,,,,,,,valid,,0,,2026-08-25T14:36:59.986259+00:00
817,815,5,操作系统,5.2.2 高速缓存与缓冲区,4,1,import,缓冲区是内存中用于暂存I/O数据的区域，高速缓存用于提高频繁访问数据的速度。,,,,,,,,valid,,1,,2026-08-25T14:36:59.986259+00:00
818,815,5,操作系统,5.2.3 设备分配与回收,4,1,import,操作系统根据一定策略将I/O设备分配给请求进程，使用完毕后回收设备。,,,,,,,,valid,,2,,2026-08-25T14:36:59.986259+00:00
819,815,5,操作系统,5.2.4 SPOOLing技术（假脱机技术）,4,1,import,将独占设备改造为共享设备的技术，通过在外存设置缓冲区模拟脱机输入输出。,,,,,,,,valid,,3,,2026-08-25T14:36:59.986259+00:00
820,815,5,操作系统,5.2.5 设备驱动程序接口,4,1,import,操作系统与设备驱动程序之间的标准接口，规定了驱动程序必须实现的函数集合。,,,,,,,,valid,,4,,2026-08-25T14:36:59.986259+00:00
821,815,5,操作系统,5.2.6 I/O操作举例,4,1,import,通过具体I/O操作实例说明操作系统管理I/O设备的工作过程。,,,,,,,,valid,,5,,2026-08-25T14:36:59.986259+00:00
822,809,5,操作系统,5.3 磁盘和固态硬盘,3,1,import,磁盘和固态硬盘的结构、管理方式和调度算法。,,,,,,,,valid,,2,,2026-08-25T14:36:59.986259+00:00
823,822,5,操作系统,5.3.1 磁盘,4,1,import,磁盘是由多个盘片组成的机械存储设备，数据存储在盘片的磁道和扇区中。,,,,,,,,valid,,0,,2026-08-25T14:36:59.986259+00:00
824,822,5,操作系统,5.3.2 磁盘的管理,4,1,import,磁盘空间管理、磁盘格式化、坏块处理和磁盘冗余阵列(RAID)等管理功能。,,,,,,,,valid,,1,,2026-08-25T14:36:59.986259+00:00
825,822,5,操作系统,5.3.3 磁盘调度算法,4,1,import,磁盘调度算法决定多个I/O请求的服务顺序，包括FCFS、SSTF、SCAN、C-SCAN等算法。,,,,,,,,valid,,2,,2026-08-25T14:36:59.986259+00:00
826,822,5,操作系统,5.3.4 固态硬盘,4,1,import,基于闪存技术的存储设备，具有速度快、无机械部件、能耗低等特点，但有写入次数限制。,,,,,,,,valid,,3,,2026-08-25T14:36:59.986259+00:00
827,,1,数据结构,数据结构,1,1,import_408,408 数据结构知识体系,,,,,,,,,,0,🌲,2026-08-31 02:46:21.061418
828,827,1,数据结构,绪论,2,1,import_408,,,,,,,,,,,0,,2026-08-31 02:46:21.062395
829,828,1,数据结构,数据结构基本概念,3,1,import_408,,,,,,,,,,,0,,2026-08-31 02:46:21.062395
830,829,1,数据结构,数据结构基本概念,4,4,import_408,理解数据、数据元素、数据项，逻辑结构与存储结构，抽象数据类型。,,,,,,,,,,0,,2026-08-31 02:46:21.063371
831,828,1,数据结构,算法与空间复杂度,3,1,import_408,,,,,,,,,,,1,,2026-08-31 02:46:21.063371
832,831,1,数据结构,算法与时间复杂度,4,5,import_408,掌握算法特性、时间复杂度分析方法与大 O 记号、常见量级。,,,,,,,,,,0,,2026-08-31 02:46:21.063371
833,831,1,数据结构,空间复杂度,4,4,import_408,掌握空间复杂度的分析方法，区分时间与空间复杂度。,,,,,,,,,,1,,2026-08-31 02:46:21.063371
834,827,1,数据结构,线性表,2,1,import_408,,,,,,,,,,,1,,2026-08-31 02:46:21.063371
835,834,1,数据结构,线性表的概念,3,1,import_408,,,,,,,,,,,0,,2026-08-31 02:46:21.064347
836,835,1,数据结构,线性表的基本概念,4,4,import_408,掌握线性表的定义、逻辑结构、基本操作。,,,,,,,,,,0,,2026-08-31 02:46:21.064347
837,835,1,数据结构,顺序表,4,5,import_408,掌握顺序表的存储结构、插入删除查找的时间复杂度及适用场景。,,,,,,,,,,1,,2026-08-31 02:46:21.064347
838,835,1,数据结构,单链表,4,5,import_408,掌握单链表的建立、插入、删除、查找，头结点与头指针。,,,,,,,,,,2,,2026-08-31 02:46:21.064347
839,835,1,数据结构,双链表、循环链表与静态链表,4,4,import_408,掌握双链表、循环链表、静态链表的结构与操作。,,,,,,,,,,3,,2026-08-31 02:46:21.064347
840,834,1,数据结构,线性表的应用,3,1,import_408,,,,,,,,,,,1,,2026-08-31 02:46:21.064347
841,840,1,数据结构,线性表的应用,4,4,import_408,掌握有序表合并、逆置、删除重复元素等典型应用。,,,,,,,,,,0,,2026-08-31 02:46:21.065324
842,827,1,数据结构,栈、队列与数组,2,1,import_408,,,,,,,,,,,2,,2026-08-31 02:46:21.065324
843,842,1,数据结构,栈,3,1,import_408,,,,,,,,,,,0,,2026-08-31 02:46:21.065324
844,843,1,数据结构,栈的基本概念与实现,4,5,import_408,掌握栈的后进先出特性、顺序栈与链栈、共享栈。,,,,,,,,,,0,,2026-08-31 02:46:21.065324
845,843,1,数据结构,栈的应用,4,5,import_408,掌握括号匹配、表达式求值（中缀转后缀）、递归的栈实现。,,,,,,,,,,1,,2026-08-31 02:46:21.065324
846,842,1,数据结构,队列,3,1,import_408,,,,,,,,,,,1,,2026-08-31 02:46:21.065324
847,846,1,数据结构,队列的基本概念与实现,4,5,import_408,掌握队列的先进先出特性、顺序队列、循环队列与链队列。,,,,,,,,,,0,,2026-08-31 02:46:21.065324
848,846,1,数据结构,队列的应用,4,3,import_408,掌握层次遍历、缓冲区等队列应用场景。,,,,,,,,,,1,,2026-08-31 02:46:21.065324
849,842,1,数据结构,特殊矩阵的压缩存储,3,1,import_408,,,,,,,,,,,2,,2026-08-31 02:46:21.065324
850,849,1,数据结构,特殊矩阵的压缩存储,4,4,import_408,掌握对称矩阵、三角矩阵、三对角矩阵与稀疏矩阵的压缩存储及下标换算。,,,,,,,,,,0,,2026-08-31 02:46:21.066300
851,827,1,数据结构,串与 KMP,2,1,import_408,,,,,,,,,,,3,,2026-08-31 02:46:21.066300
852,851,1,数据结构,串与 KMP,3,1,import_408,,,,,,,,,,,0,,2026-08-31 02:46:21.066300
853,852,1,数据结构,串的基本概念与朴素匹配,4,3,import_408,掌握串的定义、存储结构与朴素模式匹配。,,,,,,,,,,0,,2026-08-31 02:46:21.066300
854,852,1,数据结构,KMP 算法,4,5,import_408,掌握 next 数组的求法、KMP 匹配过程与时间复杂度。,,,,,,,,,,1,,2026-08-31 02:46:21.066300
855,852,1,数据结构,KMP 算法的改进,4,4,import_408,掌握 nextval 数组的求法及其与 next 数组的区别。,,,,,,,,,,2,,2026-08-31 02:46:21.066300
856,827,1,数据结构,树与二叉树,2,1,import_408,,,,,,,,,,,4,,2026-08-31 02:46:21.066300
857,856,1,数据结构,树与二叉树的基本概念,3,1,import_408,,,,,,,,,,,0,,2026-08-31 02:46:21.066300
858,857,1,数据结构,树的基本概念,4,4,import_408,掌握树的定义、基本术语（度、深度、层次）与性质。,,,,,,,,,,0,,2026-08-31 02:46:21.066300
859,857,1,数据结构,二叉树的概念与性质,4,5,import_408,掌握二叉树的五种形态、性质、完全二叉树与满二叉树。,,,,,,,,,,1,,2026-08-31 02:46:21.066300
860,856,1,数据结构,树与二叉树的存储,3,1,import_408,,,,,,,,,,,1,,2026-08-31 02:46:21.066300
861,860,1,数据结构,二叉树的存储,4,5,import_408,掌握顺序存储与链式存储结构。,,,,,,,,,,0,,2026-08-31 02:46:21.067277
862,860,1,数据结构,线索二叉树,4,4,import_408,掌握线索化的思想、线索二叉树的构造与找前驱后继。,,,,,,,,,,1,,2026-08-31 02:46:21.067277
863,860,1,数据结构,树与森林,4,4,import_408,掌握树/森林的存储结构、树转二叉树、森林转二叉树及遍历对应关系。,,,,,,,,,,2,,2026-08-31 02:46:21.067277
864,856,1,数据结构,树与二叉树的应用,3,1,import_408,,,,,,,,,,,2,,2026-08-31 02:46:21.067277
865,864,1,数据结构,哈夫曼树与哈夫曼编码,4,5,import_408,掌握 WPL 计算、哈夫曼树构造、哈夫曼编码与前缀编码。,,,,,,,,,,0,,2026-08-31 02:46:21.067277
866,864,1,数据结构,二叉排序树,4,5,import_408,掌握 BST 的查找、插入、删除与平均查找长度。,,,,,,,,,,1,,2026-08-31 02:46:21.067277
867,864,1,数据结构,平衡二叉树,4,5,import_408,掌握 AVL 树的平衡因子、LL/RR/LR/RL 四种调整与查找效率。,,,,,,,,,,2,,2026-08-31 02:46:21.067277
868,827,1,数据结构,图,2,1,import_408,,,,,,,,,,,5,,2026-08-31 02:46:21.067277
869,868,1,数据结构,图的概念,3,1,import_408,,,,,,,,,,,0,,2026-08-31 02:46:21.067277
870,869,1,数据结构,图的基本概念,4,4,import_408,掌握图的定义、有向/无向、度、连通性、简单图等术语。,,,,,,,,,,0,,2026-08-31 02:46:21.068253
871,868,1,数据结构,图的存储结构,3,1,import_408,,,,,,,,,,,1,,2026-08-31 02:46:21.068253
872,871,1,数据结构,图的存储结构,4,5,import_408,掌握邻接矩阵、邻接表、十字链表、邻接多重表及时空开销。,,,,,,,,,,0,,2026-08-31 02:46:21.068253
873,871,1,数据结构,图的遍历,4,5,import_408,掌握深度优先 DFS 与广度优先 BFS，时间复杂度与生成树。,,,,,,,,,,1,,2026-08-31 02:46:21.068253
874,868,1,数据结构,图的应用,3,1,import_408,,,,,,,,,,,2,,2026-08-31 02:46:21.068253
875,874,1,数据结构,最小生成树,4,5,import_408,掌握 Prim 与 Kruskal 算法、适用场景与代价唯一性。,,,,,,,,,,0,,2026-08-31 02:46:21.068253
876,874,1,数据结构,最短路径,4,5,import_408,掌握 Dijkstra 单源最短路径与 Floyd 各顶点间最短路径。,,,,,,,,,,1,,2026-08-31 02:46:21.068253
877,874,1,数据结构,拓扑排序,4,4,import_408,掌握 AOV 网、拓扑排序的过程与唯一性判断。,,,,,,,,,,2,,2026-08-31 02:46:21.068253
878,874,1,数据结构,关键路径,4,4,import_408,掌握 AOE 网、事件最早最迟发生时间、活动时间余量与关键路径。,,,,,,,,,,3,,2026-08-31 02:46:21.068253
879,827,1,数据结构,查找,2,1,import_408,,,,,,,,,,,6,,2026-08-31 02:46:21.068253
880,879,1,数据结构,顺序查找法,3,1,import_408,,,,,,,,,,,0,,2026-08-31 02:46:21.068253
881,880,1,数据结构,顺序查找,4,4,import_408,掌握顺序查找的 ASL 计算与哨兵优化。,,,,,,,,,,0,,2026-08-31 02:46:21.069230
882,879,1,数据结构,折半查找法,3,1,import_408,,,,,,,,,,,1,,2026-08-31 02:46:21.069230
883,882,1,数据结构,折半查找,4,5,import_408,掌握折半查找的过程、判定树、ASL 与适用条件。,,,,,,,,,,0,,2026-08-31 02:46:21.069230
884,879,1,数据结构,分块查找,3,1,import_408,,,,,,,,,,,2,,2026-08-31 02:46:21.069230
885,884,1,数据结构,分块查找,4,4,import_408,掌握分块查找的索引表、ASL 与块大小选择。,,,,,,,,,,0,,2026-08-31 02:46:21.069230
886,879,1,数据结构,B树和B+树,3,1,import_408,,,,,,,,,,,3,,2026-08-31 02:46:21.069230
887,886,1,数据结构,B 树,4,5,import_408,掌握 m 阶 B 树的定义、性质、查找、插入与删除。,,,,,,,,,,0,,2026-08-31 02:46:21.070206
888,886,1,数据结构,B+ 树,4,4,import_408,掌握 B+ 树的结构、与 B 树的区别及应用。,,,,,,,,,,1,,2026-08-31 02:46:21.070206
889,879,1,数据结构,散列表,3,1,import_408,,,,,,,,,,,4,,2026-08-31 02:46:21.070206
890,889,1,数据结构,散列表,4,5,import_408,掌握散列函数、冲突处理（开放定址、链地址）与 ASL、装填因子。,,,,,,,,,,0,,2026-08-31 02:46:21.070206
891,879,1,数据结构,树形查找,3,1,import_408,,,,,,,,,,,5,,2026-08-31 02:46:21.070206
892,891,1,数据结构,二叉排序树,4,5,import_408,掌握 BST 的查找、插入、删除与平均查找长度。,,,,,,,,,,0,,2026-08-31 02:46:21.071183
893,891,1,数据结构,平衡二叉树,4,5,import_408,掌握 AVL 树的平衡因子、LL/RR/LR/RL 四种调整与查找效率。,,,,,,,,,,1,,2026-08-31 02:46:21.071183
894,891,1,数据结构,红黑树,4,4,import_408,掌握红黑树的引入、五条性质与查找复杂度。,,,,,,,,,,2,,2026-08-31 02:46:21.071183
895,827,1,数据结构,排序,2,1,import_408,,,,,,,,,,,7,,2026-08-31 02:46:21.071183
896,895,1,数据结构,排序的基本概念,3,1,import_408,,,,,,,,,,,0,,2026-08-31 02:46:21.071183
897,896,1,数据结构,排序的基本概念,4,3,import_408,掌握排序的稳定性、内部/外部排序、评价指标。,,,,,,,,,,0,,2026-08-31 02:46:21.071183
898,895,1,数据结构,内部排序,3,1,import_408,,,,,,,,,,,1,,2026-08-31 02:46:21.071183
899,898,1,数据结构,内部排序,4,5,import_408,掌握各类内部排序算法的过程、复杂度与稳定性。,,,,,,,,,,0,,2026-08-31 02:46:21.071183
900,898,1,数据结构,排序算法的比较,4,5,import_408,掌握各排序算法的时间、空间、稳定性对比与选型。,,,,,,,,,,1,,2026-08-31 02:46:21.071183
901,895,1,数据结构,外部排序,3,1,import_408,,,,,,,,,,,2,,2026-08-31 02:46:21.071183
902,901,1,数据结构,外部排序,4,4,import_408,掌握外部排序的多路归并、败者树、置换-选择与最佳归并树。,,,,,,,,,,0,,2026-08-31 02:46:21.072154
903,,6,计算机组成原理,计算机组成原理,1,1,import_408,408 计算机组成原理知识体系,,,,,,,,,,0,⚙️,2026-08-31 02:46:21.072154
904,903,6,计算机组成原理,计算机系统,2,1,import_408,,,,,,,,,,,0,,2026-08-31 02:46:21.072154
905,904,6,计算机组成原理,计算机系统的组成,3,1,import_408,,,,,,,,,,,0,,2026-08-31 02:46:21.072154
906,905,6,计算机组成原理,计算机系统的组成,4,4,import_408,掌握存储程序思想、五大部件组成与工作过程。,,,,,,,,,,0,,2026-08-31 02:46:21.072154
907,904,6,计算机组成原理,从源代码到装入内存,3,1,import_408,,,,,,,,,,,1,,2026-08-31 02:46:21.072154
908,907,6,计算机组成原理,从源代码到装入内存,4,4,import_408,掌握三个级别语言、预处理/编译/汇编/链接/装入全过程、虚拟地址空间与内存映像。,,,,,,,,,,0,,2026-08-31 02:46:21.073137
909,904,6,计算机组成原理,性能指标与字长,3,1,import_408,,,,,,,,,,,2,,2026-08-31 02:46:21.073137
910,909,6,计算机组成原理,运算速度,4,5,import_408,掌握时钟周期、主频、CPI、MIPS、FLOPS 等指标。,,,,,,,,,,0,,2026-08-31 02:46:21.073137
911,909,6,计算机组成原理,字长,4,4,import_408,掌握机器字长、存储字长、指令字长、数据总线宽度、MAR/MDR 位数与主存容量。,,,,,,,,,,1,,2026-08-31 02:46:21.073137
912,903,6,计算机组成原理,数据的表示和运算,2,1,import_408,,,,,,,,,,,1,,2026-08-31 02:46:21.073137
913,912,6,计算机组成原理,数制与整型编码,3,1,import_408,,,,,,,,,,,0,,2026-08-31 02:46:21.073137
914,913,6,计算机组成原理,进制转换,4,4,import_408,掌握二进制、八进制、十六进制与十进制的相互转换。,,,,,,,,,,0,,2026-08-31 02:46:21.073137
915,913,6,计算机组成原理,原码、反码、补码与移码,4,5,import_408,掌握带符号数的表示与补码运算规则。,,,,,,,,,,1,,2026-08-31 02:46:21.073137
916,912,6,计算机组成原理,运算方法与运算电路,3,1,import_408,,,,,,,,,,,1,,2026-08-31 02:46:21.073137
917,916,6,计算机组成原理,运算电路,4,4,import_408,理解 ALU 功能、位运算符号与加法器电路。,,,,,,,,,,0,,2026-08-31 02:46:21.074125
918,916,6,计算机组成原理,加减乘除运算方法,4,5,import_408,掌握加减法共用电路、顺序乘法器与顺序除法器的运算方法。,,,,,,,,,,1,,2026-08-31 02:46:21.074125
919,912,6,计算机组成原理,浮点数,3,1,import_408,,,,,,,,,,,2,,2026-08-31 02:46:21.074125
920,919,6,计算机组成原理,IEEE 754 标准,4,5,import_408,掌握 IEEE 754 的单双精度格式、正常值/非正常值与特殊值。,,,,,,,,,,0,,2026-08-31 02:46:21.074125
921,919,6,计算机组成原理,IEEE 754 的运算,4,5,import_408,掌握浮点加减运算五步与就近舍入等舍入模式。,,,,,,,,,,1,,2026-08-31 02:46:21.074125
922,903,6,计算机组成原理,存储系统,2,1,import_408,,,,,,,,,,,2,,2026-08-31 02:46:21.074125
923,922,6,计算机组成原理,RAM 与 ROM,3,1,import_408,,,,,,,,,,,0,,2026-08-31 02:46:21.074125
924,923,6,计算机组成原理,存储器的层次结构,4,5,import_408,理解寄存器、Cache、主存、外存的层次，以及 RAM、ROM 与 Flash 的区别。,,,,,,,,,,0,,2026-08-31 02:46:21.074125
925,923,6,计算机组成原理,SRAM 与 DRAM,4,5,import_408,掌握 SRAM 与 DRAM 的原理区别、DRAM 的刷新方式与地址线复用。,,,,,,,,,,1,,2026-08-31 02:46:21.074125
926,922,6,计算机组成原理,主存,3,1,import_408,,,,,,,,,,,1,,2026-08-31 02:46:21.074125
927,926,6,计算机组成原理,多模块存储器,4,5,import_408,掌握单体多字与多体交叉存储器，提高主存带宽。,,,,,,,,,,0,,2026-08-31 02:46:21.075101
928,926,6,计算机组成原理,主存容量的扩展,4,5,import_408,掌握位扩展、字扩展、字位扩展的计算。,,,,,,,,,,1,,2026-08-31 02:46:21.075101
929,922,6,计算机组成原理,Cache 高速缓存,3,1,import_408,,,,,,,,,,,2,,2026-08-31 02:46:21.075101
930,929,6,计算机组成原理,Cache 的基本概念,4,5,import_408,掌握局部性原理、缓存块/行概念、标记字段、地址结构与映射方式。,,,,,,,,,,0,,2026-08-31 02:46:21.075101
931,929,6,计算机组成原理,Cache 的替换算法与写策略,4,5,import_408,掌握 LRU/FIFO 替换与直写/回写、写分配策略。,,,,,,,,,,1,,2026-08-31 02:46:21.075101
932,929,6,计算机组成原理,Cache 的性能与命中率,4,4,import_408,掌握命中率与平均访问时间的计算。,,,,,,,,,,2,,2026-08-31 02:46:21.075101
933,922,6,计算机组成原理,虚拟存储器,3,1,import_408,,,,,,,,,,,3,,2026-08-31 02:46:21.075101
934,933,6,计算机组成原理,虚拟存储器的基本思想,4,4,import_408,理解虚拟存储思想、页式与段式存储。,,,,,,,,,,0,,2026-08-31 02:46:21.075101
935,933,6,计算机组成原理,虚拟存储器的实现,4,5,import_408,掌握 MMU 地址翻译、TLB、页表与缺页置换。,,,,,,,,,,1,,2026-08-31 02:46:21.075101
936,922,6,计算机组成原理,外存,3,1,import_408,,,,,,,,,,,4,,2026-08-31 02:46:21.075101
937,936,6,计算机组成原理,机械硬盘与外存管理,4,3,import_408,掌握机械硬盘结构、CHS 地址与磁盘性能指标。,,,,,,,,,,0,,2026-08-31 02:46:21.076078
938,936,6,计算机组成原理,固态硬盘与 RAID,4,3,import_408,理解固态硬盘特点与 RAID 技术。,,,,,,,,,,1,,2026-08-31 02:46:21.076078
939,903,6,计算机组成原理,指令系统,2,1,import_408,,,,,,,,,,,3,,2026-08-31 02:46:21.076078
940,939,6,计算机组成原理,ISA,3,1,import_408,,,,,,,,,,,0,,2026-08-31 02:46:21.076078
941,940,6,计算机组成原理,ISA 指令集体系结构,4,4,import_408,理解 ISA 是什么，掌握 ISA 规定的内容。,,,,,,,,,,0,,2026-08-31 02:46:21.076078
942,939,6,计算机组成原理,指令的格式,3,1,import_408,,,,,,,,,,,1,,2026-08-31 02:46:21.076078
943,942,6,计算机组成原理,指令的格式,4,5,import_408,掌握指令的基本格式、操作码与地址码、指令类型、操作码扩展与 CISC/RISC。,,,,,,,,,,0,,2026-08-31 02:46:21.077054
944,939,6,计算机组成原理,寻址,3,1,import_408,,,,,,,,,,,2,,2026-08-31 02:46:21.077054
945,944,6,计算机组成原理,寻址方式,4,5,import_408,掌握立即、直接、间接、寄存器、变址、基址、相对、堆栈寻址。,,,,,,,,,,0,,2026-08-31 02:46:21.077054
946,939,6,计算机组成原理,数据对齐与大小端,3,1,import_408,,,,,,,,,,,3,,2026-08-31 02:46:21.077054
947,946,6,计算机组成原理,数据对齐与大小端,4,4,import_408,掌握数据对齐因子与大小端的字节序。,,,,,,,,,,0,,2026-08-31 02:46:21.077054
948,903,6,计算机组成原理,中央处理器,2,1,import_408,,,,,,,,,,,4,,2026-08-31 02:46:21.077054
949,948,6,计算机组成原理,CPU 的功能,3,1,import_408,,,,,,,,,,,0,,2026-08-31 02:46:21.077054
950,949,6,计算机组成原理,数据通路,4,4,import_408,掌握数据通路的组成、组合逻辑与时序逻辑元件、寄存器与访存通路。,,,,,,,,,,0,,2026-08-31 02:46:21.078030
951,949,6,计算机组成原理,控制器,4,4,import_408,掌握控制器组成、RTL、硬布线与微程序控制器。,,,,,,,,,,1,,2026-08-31 02:46:21.078030
952,949,6,计算机组成原理,CPU 执行指令的过程,4,4,import_408,掌握单总线数据通路的部件组成与指令执行的节拍过程。,,,,,,,,,,2,,2026-08-31 02:46:21.078030
953,948,6,计算机组成原理,指令流水线,3,1,import_408,,,,,,,,,,,1,,2026-08-31 02:46:21.078030
954,953,6,计算机组成原理,指令流水线,4,5,import_408,掌握流水线的时空图、性能指标与冒险处理。,,,,,,,,,,0,,2026-08-31 02:46:21.078030
955,948,6,计算机组成原理,多核与多处理机,3,1,import_408,,,,,,,,,,,2,,2026-08-31 02:46:21.078030
956,955,6,计算机组成原理,多核与多处理机,4,3,import_408,掌握弗林分类法、物理/逻辑核心与超线程。,,,,,,,,,,0,,2026-08-31 02:46:21.078030
957,903,6,计算机组成原理,总线与输入输出系统,2,1,import_408,,,,,,,,,,,5,,2026-08-31 02:46:21.078030
958,957,6,计算机组成原理,总线,3,1,import_408,,,,,,,,,,,0,,2026-08-31 02:46:21.078030
959,958,6,计算机组成原理,总线的基本概念,4,4,import_408,掌握总线分类、总线仲裁与总线定时。,,,,,,,,,,0,,2026-08-31 02:46:21.079007
960,957,6,计算机组成原理,I/O与中断,3,1,import_408,,,,,,,,,,,1,,2026-08-31 02:46:21.079007
961,960,6,计算机组成原理,I/O,4,5,import_408,掌握程序查询、中断、DMA 方式的原理与区别。,,,,,,,,,,0,,2026-08-31 02:46:21.079007
962,960,6,计算机组成原理,中断与异常,4,5,import_408,掌握中断分类、响应过程、中断屏蔽，用户态与内核态、系统调用。,,,,,,,,,,1,,2026-08-31 02:46:21.079007
963,,5,操作系统,操作系统,1,1,import_408,408 操作系统知识体系,,,,,,,,,,0,🖥️,2026-08-31 02:46:21.079007
964,963,5,操作系统,操作系统概述,2,1,import_408,,,,,,,,,,,0,,2026-08-31 02:46:21.079007
965,964,5,操作系统,操作系统的概念,3,1,import_408,,,,,,,,,,,0,,2026-08-31 02:46:21.079007
966,965,5,操作系统,操作系统的特征,4,4,import_408,掌握并发、共享、虚拟、异步四大特征及相互关系。,,,,,,,,,,0,,2026-08-31 02:46:21.079985
967,965,5,操作系统,操作系统的功能,4,4,import_408,掌握处理机管理、存储器管理、设备管理、文件管理四大功能。,,,,,,,,,,1,,2026-08-31 02:46:21.079985
968,964,5,操作系统,操作系统的分类,3,1,import_408,,,,,,,,,,,1,,2026-08-31 02:46:21.079985
969,968,5,操作系统,操作系统的分类,4,3,import_408,掌握从手工操作到批处理、分时、实时的演进，宏内核与微内核的区别。,,,,,,,,,,0,,2026-08-31 02:46:21.079985
970,964,5,操作系统,从源代码到装入内存,3,1,import_408,,,,,,,,,,,2,,2026-08-31 02:46:21.079985
971,970,5,操作系统,从源代码到装入内存,4,4,import_408,掌握三个级别语言、链接方式、装入方式、虚拟地址空间与内存映像。,,,,,,,,,,0,,2026-08-31 02:46:21.079985
972,964,5,操作系统,操作系统的加载过程,3,1,import_408,,,,,,,,,,,3,,2026-08-31 02:46:21.079985
973,972,5,操作系统,操作系统的引导与启动,4,3,import_408,掌握 BIOS/UEFI 引导、操作系统内核的加载过程。,,,,,,,,,,0,,2026-08-31 02:46:21.079985
974,964,5,操作系统,虚拟机,3,1,import_408,,,,,,,,,,,4,,2026-08-31 02:46:21.079985
975,974,5,操作系统,虚拟机,4,3,import_408,理解虚拟机的基本概念、虚拟化类型与实现层次。,,,,,,,,,,0,,2026-08-31 02:46:21.080959
976,963,5,操作系统,进程管理,2,1,import_408,,,,,,,,,,,1,,2026-08-31 02:46:21.080959
977,976,5,操作系统,进程与线程,3,1,import_408,,,,,,,,,,,0,,2026-08-31 02:46:21.080959
978,977,5,操作系统,进程的概念与状态,4,5,import_408,掌握进程控制块、三态模型、进程控制。,,,,,,,,,,0,,2026-08-31 02:46:21.080959
979,977,5,操作系统,线程,4,4,import_408,掌握线程与进程的区别、用户级与内核级线程。,,,,,,,,,,1,,2026-08-31 02:46:21.080959
980,976,5,操作系统,CPU 调度算法,3,1,import_408,,,,,,,,,,,1,,2026-08-31 02:46:21.080959
981,980,5,操作系统,CPU 调度算法,4,5,import_408,掌握 FCFS、SJF、优先级、时间片轮转等算法与上下文切换。,,,,,,,,,,0,,2026-08-31 02:46:21.081936
982,976,5,操作系统,同步与互斥,3,1,import_408,,,,,,,,,,,2,,2026-08-31 02:46:21.081936
983,982,5,操作系统,进程同步与互斥,4,5,import_408,掌握临界区、信号量、经典同步问题（生产者消费者等）。,,,,,,,,,,0,,2026-08-31 02:46:21.081936
984,976,5,操作系统,死锁,3,1,import_408,,,,,,,,,,,3,,2026-08-31 02:46:21.081936
985,984,5,操作系统,死锁,4,5,import_408,掌握死锁产生的条件、预防、避免（银行家算法）、检测与解除。,,,,,,,,,,0,,2026-08-31 02:46:21.081936
986,963,5,操作系统,内存管理,2,1,import_408,,,,,,,,,,,2,,2026-08-31 02:46:21.081936
987,986,5,操作系统,连续分配与非连续分配,3,1,import_408,,,,,,,,,,,0,,2026-08-31 02:46:21.082913
988,987,5,操作系统,连续分区分配,4,4,import_408,掌握单一连续、固定分区、动态分区分配及四种分区分配算法，区分内部碎片与外部碎片。,,,,,,,,,,0,,2026-08-31 02:46:21.082913
989,987,5,操作系统,非连续分配,4,3,import_408,掌握非连续分配的概念与基本方式（分页、分段、段页式）。,,,,,,,,,,1,,2026-08-31 02:46:21.082913
990,986,5,操作系统,虚拟存储器,3,1,import_408,,,,,,,,,,,1,,2026-08-31 02:46:21.082913
991,990,5,操作系统,虚拟存储器的基本思想,4,4,import_408,理解虚拟存储思想、页式与段式存储。,,,,,,,,,,0,,2026-08-31 02:46:21.082913
992,990,5,操作系统,虚拟存储器的实现,4,5,import_408,掌握页框分配与回收、页面置换算法（OPT/FIFO/LRU/CLOCK）、内存映射文件。,,,,,,,,,,1,,2026-08-31 02:46:21.082913
993,963,5,操作系统,文件管理,2,1,import_408,,,,,,,,,,,3,,2026-08-31 02:46:21.082913
994,993,5,操作系统,文件与目录,3,1,import_408,,,,,,,,,,,0,,2026-08-31 02:46:21.082913
995,994,5,操作系统,FCB 和索引节点,4,4,import_408,掌握文件的定义与属性、FCB 的内容与作用、索引节点（inode）与目录项的分离。,,,,,,,,,,0,,2026-08-31 02:46:21.083889
996,994,5,操作系统,文件的操作,4,4,import_408,掌握文件的基本操作与打开流程、进程打开文件表与系统打开文件表的结构。,,,,,,,,,,1,,2026-08-31 02:46:21.083889
997,994,5,操作系统,文件的逻辑结构,4,3,import_408,掌握无结构文件、有结构文件（顺序/索引/索引顺序文件）。,,,,,,,,,,2,,2026-08-31 02:46:21.083889
998,994,5,操作系统,文件的物理结构,4,4,import_408,掌握连续分配、链接分配、索引分配及混合索引。,,,,,,,,,,3,,2026-08-31 02:46:21.083889
999,994,5,操作系统,目录的概念,4,4,import_408,掌握目录的定义、目录结构（单级/两级/树形）、路径与目录检索，以及文件保护。,,,,,,,,,,4,,2026-08-31 02:46:21.083889
1000,993,5,操作系统,文件系统,3,1,import_408,,,,,,,,,,,1,,2026-08-31 02:46:21.083889
1001,1000,5,操作系统,外存空间管理,4,4,import_408,掌握空闲表、空闲链表、位示图、成组链接法的原理与特点。,,,,,,,,,,0,,2026-08-31 02:46:21.083889
1002,1000,5,操作系统,虚拟文件系统,4,4,import_408,掌握虚拟文件系统 VFS 的作用、概念与挂载。,,,,,,,,,,1,,2026-08-31 02:46:21.083889
1003,963,5,操作系统,输入输出管理,2,1,import_408,,,,,,,,,,,4,,2026-08-31 02:46:21.083889
1004,1003,5,操作系统,I/O与中断,3,1,import_408,,,,,,,,,,,0,,2026-08-31 02:46:21.083889
1005,1004,5,操作系统,I/O,4,5,import_408,掌握 I/O 层次、设备分类、阻塞/非阻塞 I/O、程序控制/中断/DMA/通道方式。,,,,,,,,,,0,,2026-08-31 02:46:21.083889
1006,1004,5,操作系统,中断与异常,4,5,import_408,掌握中断分类、响应过程、中断屏蔽，用户态与内核态、系统调用。,,,,,,,,,,1,,2026-08-31 02:46:21.083889
1007,1003,5,操作系统,缓冲与设备分配,3,1,import_408,,,,,,,,,,,1,,2026-08-31 02:46:21.083889
1008,1007,5,操作系统,缓冲与设备分配,4,4,import_408,掌握单/双缓冲、循环缓冲、缓冲池、设备分配与回收、逻辑/物理设备名、SPOOLing 技术。,,,,,,,,,,0,,2026-08-31 02:46:21.084865
1009,1003,5,操作系统,外存,3,1,import_408,,,,,,,,,,,2,,2026-08-31 02:46:21.084865
1010,1009,5,操作系统,机械硬盘与外存管理,4,4,import_408,掌握磁盘结构、格式化、分区、磁盘调度算法。,,,,,,,,,,0,,2026-08-31 02:46:21.084865
1011,1009,5,操作系统,固态硬盘与 RAID,4,3,import_408,理解 SSD 结构与磨损均衡、RAID 技术。,,,,,,,,,,1,,2026-08-31 02:46:21.084865
1012,,4,计算机网络,计算机网络,1,1,import_408,408 计算机网络知识体系,,,,,,,,,,0,🌐,2026-08-31 02:46:21.084865
1013,1012,4,计算机网络,计算机网络体系结构,2,1,import_408,,,,,,,,,,,0,,2026-08-31 02:46:21.085843
1014,1013,4,计算机网络,网络的分层,3,1,import_408,,,,,,,,,,,0,,2026-08-31 02:46:21.085843
1015,1014,4,计算机网络,TCP/IP与OSI,4,4,import_408,理解TCP/IP 模型与OSI 模型。,,,,,,,,,,0,,2026-08-31 02:46:21.085843
1016,1014,4,计算机网络,协议/接口/服务,4,4,import_408,理解协议、服务与接口的区别。,,,,,,,,,,1,,2026-08-31 02:46:21.085843
1017,1013,4,计算机网络,网络的性能指标,3,1,import_408,,,,,,,,,,,1,,2026-08-31 02:46:21.085843
1018,1017,4,计算机网络,速率、带宽与吞吐量,4,4,import_408,用发送时延、传播时延等指标判断链路性能。,,,,,,,,,,0,,2026-08-31 02:46:21.085843
1019,1017,4,计算机网络,时延、时延带宽积,4,4,import_408,理解时延带宽积的计算方法。,,,,,,,,,,1,,2026-08-31 02:46:21.085843
1020,1017,4,计算机网络,RTT与信道利用率,4,4,import_408,理解信道利用率的计算方法。,,,,,,,,,,2,,2026-08-31 02:46:21.085843
1021,1012,4,计算机网络,物理层,2,1,import_408,,,,,,,,,,,1,,2026-08-31 02:46:21.085843
1022,1021,4,计算机网络,通信基础,3,1,import_408,,,,,,,,,,,0,,2026-08-31 02:46:21.085843
1023,1022,4,计算机网络,通信的基本概念,4,5,import_408,理解通信的基本概念。,,,,,,,,,,0,,2026-08-31 02:46:21.086819
1024,1022,4,计算机网络,奈奎斯特定理与香农定理,4,5,import_408,理解奈奎斯特定理与香农定理的含义。,,,,,,,,,,1,,2026-08-31 02:46:21.086819
1025,1022,4,计算机网络,电路交换、分组交换、报文交换,4,5,import_408,理解不同交换方式的区别。,,,,,,,,,,2,,2026-08-31 02:46:21.086819
1026,1021,4,计算机网络,编码与调制,3,1,import_408,,,,,,,,,,,1,,2026-08-31 02:46:21.086819
1027,1026,4,计算机网络,信号的编码,4,5,import_408,用归零、曼切斯特编码等方法对信号进行编码。,,,,,,,,,,0,,2026-08-31 02:46:21.086819
1028,1026,4,计算机网络,数字信号与模拟信号,4,5,import_408,理解数字信号与模拟信号的区别。,,,,,,,,,,1,,2026-08-31 02:46:21.086819
1029,1021,4,计算机网络,传输介质与物理层设备,3,1,import_408,,,,,,,,,,,2,,2026-08-31 02:46:21.086819
1030,1029,4,计算机网络,传输介质,4,5,import_408,理解不同的传输介质及其工作原理。,,,,,,,,,,0,,2026-08-31 02:46:21.086819
1031,1029,4,计算机网络,物理层设备,4,5,import_408,理解物理层设备的功能与作用。,,,,,,,,,,1,,2026-08-31 02:46:21.086819
1032,1012,4,计算机网络,数据链路层,2,1,import_408,,,,,,,,,,,2,,2026-08-31 02:46:21.086819
1033,1032,4,计算机网络,差错控制,3,1,import_408,,,,,,,,,,,0,,2026-08-31 02:46:21.087790
1034,1033,4,计算机网络,奇偶校验码,4,5,import_408,掌握奇偶校验码的原理与应用。,,,,,,,,,,0,,2026-08-31 02:46:21.087790
1035,1033,4,计算机网络,循环冗余校验码,4,5,import_408,掌握循环冗余校验码的原理与应用。,,,,,,,,,,1,,2026-08-31 02:46:21.087790
1036,1033,4,计算机网络,海明码,4,5,import_408,掌握海明码的原理与应用。（包括海明距离与编码检错纠错能力）,,,,,,,,,,2,,2026-08-31 02:46:21.087790
1037,1032,4,计算机网络,流量控制,3,1,import_408,,,,,,,,,,,1,,2026-08-31 02:46:21.087790
1038,1037,4,计算机网络,停止等待协议,4,5,import_408,掌握停止等待协议的原理与应用。,,,,,,,,,,0,,2026-08-31 02:46:21.087790
1039,1037,4,计算机网络,后退N帧协议（GBN）,4,5,import_408,掌握滑动窗口、累计确认、序号空间与超时重传。,,,,,,,,,,1,,2026-08-31 02:46:21.087790
1040,1037,4,计算机网络,选择重传协议,4,5,import_408,掌握选择重传协议的原理与应用。,,,,,,,,,,2,,2026-08-31 02:46:21.087790
1041,1037,4,计算机网络,协议对比,4,5,import_408,对比不同流量控制协议的优势与劣势。,,,,,,,,,,3,,2026-08-31 02:46:21.087790
1042,1032,4,计算机网络,介质访问控制,3,1,import_408,,,,,,,,,,,2,,2026-08-31 02:46:21.087790
1043,1042,4,计算机网络,多路复用,4,5,import_408,掌握多路复用的原理与应用。,,,,,,,,,,0,,2026-08-31 02:46:21.088800
1044,1042,4,计算机网络,ALOHA协议,4,5,import_408,掌握ALOHA协议的原理与应用。,,,,,,,,,,1,,2026-08-31 02:46:21.088800
1045,1042,4,计算机网络,CSMA协议,4,5,import_408,掌握1-坚持、非坚持、p-坚持三种CSMA策略的区别与适用场景。,,,,,,,,,,2,,2026-08-31 02:46:21.088800
1046,1042,4,计算机网络,CSMA/CD协议,4,5,import_408,掌握CSMA/CD协议的原理与应用。（注意说明CSMA/CD的思路是冲突检测）,,,,,,,,,,3,,2026-08-31 02:46:21.088800
1047,1042,4,计算机网络,CSMA/CA协议,4,5,import_408,掌握CSMA/CA协议的原理与应用。（注意说明CSMA/CA的思路是冲突避免）,,,,,,,,,,4,,2026-08-31 02:46:21.088800
1048,1032,4,计算机网络,局域网,3,1,import_408,,,,,,,,,,,3,,2026-08-31 02:46:21.088800
1049,1048,4,计算机网络,以太网和令牌环网,4,5,import_408,分清以太网、令牌环网。并搞清楚拓扑结构，编码方式，传输介质。,,,,,,,,,,0,,2026-08-31 02:46:21.088800
1050,1048,4,计算机网络,局域网帧,4,5,import_408,掌握局域网的帧格式。包括以太网帧，无线帧等。,,,,,,,,,,1,,2026-08-31 02:46:21.088800
1051,1048,4,计算机网络,Vlan,4,5,import_408,掌握Vlan的原理与应用。,,,,,,,,,,2,,2026-08-31 02:46:21.088800
1052,1048,4,计算机网络,HDLC和PPP协议,4,5,import_408,掌握HDLC和PPP协议的原理与应用。,,,,,,,,,,3,,2026-08-31 02:46:21.088800
1053,1032,4,计算机网络,数据链路层设备,3,1,import_408,,,,,,,,,,,4,,2026-08-31 02:46:21.088800
1054,1053,4,计算机网络,以太网交换机,4,5,import_408,掌握以太网交换机的原理与应用。,,,,,,,,,,0,,2026-08-31 02:46:21.089790
1055,1053,4,计算机网络,网桥,4,5,import_408,掌握网桥的原理与应用。,,,,,,,,,,1,,2026-08-31 02:46:21.089790
1056,1012,4,计算机网络,网络层,2,1,import_408,,,,,,,,,,,3,,2026-08-31 02:46:21.089790
1057,1056,4,计算机网络,IP 与 IP 协议,3,1,import_408,,,,,,,,,,,0,,2026-08-31 02:46:21.089790
1058,1057,4,计算机网络,IP 地址格式与分类,4,5,import_408,掌握 IPv4 地址的点分十进制格式、网络号与主机号，以及 A/B/C/D/E 类分类和 CIDR 表示。,,,,,,,,,,0,,2026-08-31 02:46:21.089790
1059,1057,4,计算机网络,子网掩码与子网划分,4,5,import_408,用子网掩码区分网络号和主机号，掌握 CIDR 与从主机号借位划分子网（含 VLSM）的方法。,,,,,,,,,,1,,2026-08-31 02:46:21.089790
1060,1057,4,计算机网络,IPv4,4,5,import_408,掌握 IPv4 数据报首部结构、各字段功能、首部校验和与 MTU 分片计算。,,,,,,,,,,2,,2026-08-31 02:46:21.089790
1061,1057,4,计算机网络,IPv6,4,4,import_408,掌握 IPv6 地址表示、基本首部与 IPv4 的区别，以及过渡技术。,,,,,,,,,,3,,2026-08-31 02:46:21.089790
1062,1057,4,计算机网络,组播 · 移动 IP · SDN,4,3,import_408,理解 IP 组播与 IGMP、移动 IP 的代理与隧道，以及 SDN 的控制与数据平面分离和南北向接口。,,,,,,,,,,4,,2026-08-31 02:46:21.089790
1063,1056,4,计算机网络,网络层协议,3,1,import_408,,,,,,,,,,,1,,2026-08-31 02:46:21.089790
1064,1063,4,计算机网络,ARP 地址解析,4,4,import_408,理解已知 IP 地址时如何获得同一链路对应的 MAC 地址。,,,,,,,,,,0,,2026-08-31 02:46:21.090766
1065,1063,4,计算机网络,ICMP,4,4,import_408,掌握 ICMP 差错报告与询问两类报文，理解 ping 与 TTL 超时的关系。,,,,,,,,,,1,,2026-08-31 02:46:21.090766
1066,1063,4,计算机网络,DHCP,4,3,import_408,掌握 DHCP 动态分配 IP 地址的四步交互过程。,,,,,,,,,,2,,2026-08-31 02:46:21.090766
1067,1056,4,计算机网络,路由算法,3,1,import_408,,,,,,,,,,,2,,2026-08-31 02:46:21.090766
1068,1067,4,计算机网络,RIP,4,4,import_408,掌握 RIP 的跳数度量、距离向量原理与 16 跳不可达限制。,,,,,,,,,,0,,2026-08-31 02:46:21.090766
1069,1067,4,计算机网络,OSPF,4,4,import_408,掌握 OSPF 的链路状态原理、Dijkstra 算法与区域划分。,,,,,,,,,,1,,2026-08-31 02:46:21.090766
1070,1067,4,计算机网络,BGP,4,4,import_408,理解自治系统概念，分清 AS 间（eBGP）与 AS 内（iBGP），掌握 BGP 的路径向量选路。,,,,,,,,,,2,,2026-08-31 02:46:21.090766
1071,1056,4,计算机网络,网络层设备,3,1,import_408,,,,,,,,,,,3,,2026-08-31 02:46:21.090766
1072,1071,4,计算机网络,路由器,4,4,import_408,掌握路由器的分组转发与路由选择功能，理解其与交换机的区别。,,,,,,,,,,0,,2026-08-31 02:46:21.090766
1073,1012,4,计算机网络,传输层,2,1,import_408,,,,,,,,,,,4,,2026-08-31 02:46:21.090766
1074,1073,4,计算机网络,TCP,3,1,import_408,,,,,,,,,,,0,,2026-08-31 02:46:21.090766
1075,1074,4,计算机网络,TCP 结构,4,5,import_408,理解 TCP 首部各字段含义及报文段格式。,,,,,,,,,,0,,2026-08-31 02:46:21.091737
1076,1074,4,计算机网络,TCP 连接管理,4,5,import_408,从序号确认关系和状态迁移理解连接建立与释放。,,,,,,,,,,1,,2026-08-31 02:46:21.091737
1077,1074,4,计算机网络,TCP 可靠传输,4,5,import_408,理解累计确认、超时重传与冗余 ACK 机制。,,,,,,,,,,2,,2026-08-31 02:46:21.091737
1078,1074,4,计算机网络,TCP 流量控制与拥塞控制,4,5,import_408,理解滑动窗口机制与 rwnd 的动态调整，区分慢开始、拥塞避免、快重传与快恢复。,,,,,,,,,,3,,2026-08-31 02:46:21.091737
1079,1073,4,计算机网络,UDP,3,1,import_408,,,,,,,,,,,1,,2026-08-31 02:46:21.091737
1080,1079,4,计算机网络,UDP 数据报,4,4,import_408,理解 UDP 首部各字段及与 TCP 的对比。,,,,,,,,,,0,,2026-08-31 02:46:21.091737
1081,1079,4,计算机网络,UDP 校验,4,4,import_408,理解 UDP 校验和的伪首部计算方法。,,,,,,,,,,1,,2026-08-31 02:46:21.091737
1082,1012,4,计算机网络,应用层,2,1,import_408,,,,,,,,,,,5,,2026-08-31 02:46:21.091737
1083,1082,4,计算机网络,应用层协议,3,1,import_408,,,,,,,,,,,0,,2026-08-31 02:46:21.091737
1084,1083,4,计算机网络,域名系统 DNS,4,4,import_408,理解 DNS 分层结构、递归与迭代查询、DNS 记录类型与缓存机制。,,,,,,,,,,0,,2026-08-31 02:46:21.091737
1085,1083,4,计算机网络,文件传输协议 FTP,4,4,import_408,掌握控制连接与数据连接的分离、主动与被动模式的区别。,,,,,,,,,,1,,2026-08-31 02:46:21.091737
1086,1083,4,计算机网络,电子邮件,4,4,import_408,理解 MUA → MTA → MDA 邮递流程，掌握 SMTP、POP3 与 IMAP 的职责与区别。,,,,,,,,,,2,,2026-08-31 02:46:21.091737
1087,1083,4,计算机网络,万维网与 HTTP,4,5,import_408,理解 URL 结构、HTTP 报文格式与状态码，区分非持续与持续连接，掌握 Web 缓存与 Cookie。,,,,,,,,,,3,,2026-08-31 02:46:21.091737
